USE boosty;

INSERT INTO order_statuses(name) VALUES 
('in processing'),
('awaiting payment'),
('paid');

INSERT INTO media_types(name) VALUES ('photo'), ('file');

INSERT INTO users VALUES 
('1','Adrian','Bechtelar','marvin.alf@example.com','091.514.0634','2018-12-31 19:51:43','2020-04-30 08:51:08'),
('2','Virgil','Hoeger','jamar.nikolaus@example.com','(592)010-7350x1455','2011-05-03 14:05:04','2020-03-25 16:26:09'),
('3','Domingo','Bogisich','sabbott@example.com','(710)669-1173x35098','2017-11-14 08:38:04','2019-09-02 08:26:59'),
('4','Dorris','Hintz','selmer06@example.org','(830)435-9690x28071','2019-02-12 06:04:47','2019-08-23 23:01:35'),
('5','Waino','Stoltenberg','asia.kreiger@example.com','1-590-075-7209x7705','2018-04-01 01:16:42','2019-12-06 06:23:45'),
('6','Rossie','Stamm','willms.ludwig@example.net','04912719352','2020-03-08 18:29:01','2019-05-27 00:19:14'),
('7','Maggie','Rath','turner.becker@example.org','507-405-2198x444','2011-11-21 16:04:05','2020-04-01 19:13:59'),
('8','Mae','Schmidt','bart.gleichner@example.org','1-484-763-8215','2019-10-21 15:19:10','2020-02-15 11:39:35'),
('9','Willow','Lindgren','wjacobson@example.net','(894)854-4027','2014-06-11 00:14:18','2020-03-26 23:41:02'),
('10','Gavin','Weimann','dooley.tillman@example.com','853-229-7359','2010-12-15 16:23:50','2020-03-12 06:15:31'),
('11','Abe','Pouros','jones.mellie@example.net','841-311-2236','2019-11-08 16:57:47','2019-08-05 11:41:27'),
('12','Nathen','Adams','friedrich.gorczany@example.org','(798)636-1995x772','2011-06-11 13:52:50','2019-06-02 16:02:20'),
('13','Marcelle','Schumm','oberbrunner.hettie@example.org','(410)868-2397x564','2020-04-09 06:20:19','2019-08-01 19:05:42'),
('14','Theron','Hirthe','katelyn.howe@example.com','051-385-3355','2015-11-20 12:40:47','2020-04-22 06:02:21'),
('15','Vergie','Smith','fkuhn@example.org','(314)394-6947x7983','2015-12-01 21:53:28','2020-01-25 20:38:50'),
('16','Kaya','Stoltenberg','brando.becker@example.com','649.828.2999x620','2013-01-07 08:38:14','2019-12-23 17:11:39'),
('17','Ashlynn','Murray','magdalen74@example.org','960.220.8224x8150','2015-06-18 06:29:10','2020-04-03 07:34:50'),
('18','Maxwell','Quitzon','gschmitt@example.org','+87(2)1028774791','2011-10-06 15:10:27','2019-12-24 07:58:23'),
('19','Akeem','Rogahn','alphonso.breitenberg@example.net','700-966-2794','2019-06-12 12:09:59','2019-12-27 11:09:34'),
('20','Dannie','Gislason','gchamplin@example.net','085.372.0099','2020-01-11 11:30:59','2020-03-22 08:36:08'),
('21','Marcellus','Hand','macie84@example.com','+90(1)2702616518','2013-04-27 03:04:52','2019-11-07 17:13:52'),
('22','Zachery','Kilback','annalise35@example.net','514.433.9270x7170','2017-11-13 04:43:52','2020-04-02 09:44:05'),
('23','Jordane','Sawayn','hdickinson@example.net','+96(0)6480167470','2012-08-09 18:17:05','2019-05-31 12:02:11'),
('24','Otho','Gusikowski','athompson@example.org','(735)382-5241','2015-07-16 17:16:30','2019-11-03 11:01:52'),
('25','Michele','Marks','ggusikowski@example.com','296.610.9497x33807','2011-02-05 15:07:06','2020-03-19 17:43:46'),
('26','Werner','Mraz','steve45@example.com','703-161-6579','2014-03-04 15:23:32','2019-09-04 15:52:13'),
('27','Mose','Bauch','hackett.henriette@example.net','141-997-6865x51079','2017-03-17 12:49:47','2019-08-27 12:36:53'),
('28','Cheyanne','Kozey','smitham.kacey@example.com','538-200-0866x26028','2012-09-16 02:20:00','2019-06-08 11:21:22'),
('29','Cristina','Metz','hettinger.kendrick@example.net','1-024-104-8486','2012-09-14 11:27:01','2020-01-26 23:56:06'),
('30','Hildegard','Hagenes','imogene04@example.net','1-884-099-6137x501','2018-05-15 12:46:39','2019-12-05 14:02:24'),
('31','Mya','Haley','mia51@example.net','+91(6)1970451099','2016-12-23 22:05:16','2019-10-09 20:19:24'),
('32','Margarett','Farrell','nichole.fritsch@example.org','(435)491-6894x0779','2017-05-28 14:35:40','2019-05-11 18:29:49'),
('33','Casimir','Tremblay','jasen.fisher@example.com','1-098-576-1320','2019-10-03 20:17:23','2019-08-26 18:41:39'),
('34','Asia','Ryan','gdaugherty@example.net','526-459-8595x3032','2010-05-17 10:45:03','2019-11-07 12:50:57'),
('35','Victoria','Koepp','olen22@example.net','1-032-198-2166','2011-02-03 01:43:17','2020-04-16 12:17:06'),
('36','Aaliyah','Ritchie','louvenia.williamson@example.org','221-083-5650','2016-02-24 16:48:01','2020-03-28 19:21:13'),
('37','Maximo','Murphy','anya53@example.com','417-267-9953x5172','2016-08-30 04:21:17','2020-03-02 18:17:08'),
('38','Caesar','Anderson','ggibson@example.org','297-298-6518','2012-06-05 11:56:31','2020-04-12 23:21:13'),
('39','Trisha','Wehner','alyce30@example.com','792.834.9624','2012-05-11 17:30:28','2019-11-23 20:33:29'),
('40','Remington','Thompson','fred28@example.net','(115)680-2496','2011-11-11 05:04:28','2019-07-24 01:40:29');


INSERT INTO media VALUES 
('1','1','1','http://brown.info/','2912','{"Description": "Default description for media files."}','2014-07-18 13:30:24','2020-01-22 02:24:42'),
('2','2','2','http://whitebeier.net/','3743','{"Description": "Default description for media files."}','2014-01-24 07:57:28','2019-11-29 11:06:01'),
('3','2','3','http://www.hahn.com/','7195','{"Description": "Default description for media files."}','2019-10-14 00:06:44','2020-03-11 04:00:03'),
('4','1','4','http://cummeratahalvorson.net/','3451','{"Description": "Default description for media files."}','2017-07-19 06:20:13','2020-02-14 22:39:31'),
('5','2','5','http://www.wehner.com/','5712','{"Description": "Default description for media files."}','2016-06-02 17:23:24','2019-08-17 04:46:55'),
('6','1','6','http://www.casper.net/','7838','{"Description": "Default description for media files."}','2012-09-19 16:32:53','2019-12-22 18:31:27'),
('7','2','7','http://romaguera.com/','3445','{"Description": "Default description for media files."}','2015-11-07 00:25:15','2019-12-24 11:33:53'),
('8','1','8','http://okon.com/','6200','{"Description": "Default description for media files."}','2019-06-27 14:43:01','2020-03-22 03:19:12'),
('9','2','9','http://www.littlekiehn.info/','4882','{"Description": "Default description for media files."}','2014-10-27 11:48:09','2019-09-22 10:02:20'),
('10','2','10','http://www.zboncakhettinger.net/','2772','{"Description": "Default description for media files."}','2019-03-14 03:27:08','2019-08-29 12:53:09'),
('11','2','11','http://www.spencerzieme.com/','6329','{"Description": "Default description for media files."}','2014-01-13 08:29:52','2019-07-18 19:12:15'),
('12','1','12','http://www.kovacekflatley.org/','6555','{"Description": "Default description for media files."}','2019-11-18 12:25:30','2019-12-11 06:34:44'),
('13','1','13','http://wuckert.info/','2183','{"Description": "Default description for media files."}','2015-03-18 14:01:44','2019-10-26 18:02:00'),
('14','2','14','http://cassin.com/','2429','{"Description": "Default description for media files."}','2010-05-17 20:55:14','2020-03-16 09:51:12'),
('15','2','15','http://ankunding.com/','5140','{"Description": "Default description for media files."}','2014-02-08 15:34:41','2019-10-17 11:43:49'),
('16','2','16','http://www.mills.org/','4159','{"Description": "Default description for media files."}','2011-05-21 03:57:04','2019-10-21 21:24:39'),
('17','1','17','http://www.mcglynn.net/','4063','{"Description": "Default description for media files."}','2017-12-31 02:47:10','2019-07-06 12:09:26'),
('18','1','18','http://www.feest.org/','3666','{"Description": "Default description for media files."}','2014-02-05 13:52:48','2020-01-04 22:11:14'),
('19','2','19','http://www.nader.com/','5312','{"Description": "Default description for media files."}','2011-02-01 21:48:33','2019-06-20 09:05:44'),
('20','2','20','http://medhurst.info/','4716','{"Description": "Default description for media files."}','2018-03-30 05:13:43','2019-09-19 21:46:55'),
('21','1','21','http://www.adams.com/','4474','{"Description": "Default description for media files."}','2017-09-18 03:47:23','2019-05-18 20:28:45'),
('22','2','22','http://casperlang.com/','6772','{"Description": "Default description for media files."}','2013-02-24 20:52:59','2020-04-12 03:34:59'),
('23','1','23','http://wilkinson.org/','6382','{"Description": "Default description for media files."}','2012-04-17 04:23:06','2019-10-01 07:45:58'),
('24','2','24','http://www.cole.net/','3983','{"Description": "Default description for media files."}','2013-05-13 06:38:09','2020-04-14 16:52:44'),
('25','2','25','http://lubowitzwelch.com/','5865','{"Description": "Default description for media files."}','2017-08-08 15:26:05','2019-07-12 13:58:32'),
('26','2','26','http://fadel.com/','7573','{"Description": "Default description for media files."}','2014-07-02 07:42:46','2019-12-17 10:55:20'),
('27','2','27','http://www.dickinson.com/','3914','{"Description": "Default description for media files."}','2013-06-27 18:05:31','2019-06-14 00:28:27'),
('28','1','28','http://sanfordwaelchi.com/','6041','{"Description": "Default description for media files."}','2019-03-10 16:23:59','2020-04-18 13:03:07'),
('29','2','29','http://auer.info/','6287','{"Description": "Default description for media files."}','2019-02-06 12:42:30','2020-03-21 03:17:42'),
('30','1','30','http://www.rogahn.net/','6170','{"Description": "Default description for media files."}','2012-08-02 13:02:06','2019-12-09 06:52:28'),
('31','2','31','http://spinka.com/','6924','{"Description": "Default description for media files."}','2011-09-01 05:57:26','2020-04-02 22:56:19'),
('32','2','32','http://www.nikolaus.com/','4355','{"Description": "Default description for media files."}','2019-08-22 17:08:16','2019-12-11 11:08:49'),
('33','1','33','http://www.fadel.biz/','6202','{"Description": "Default description for media files."}','2019-03-20 13:58:33','2019-09-06 22:19:41'),
('34','2','34','http://farrellconroy.com/','3043','{"Description": "Default description for media files."}','2016-04-02 02:10:20','2020-04-04 22:14:18'),
('35','1','35','http://www.gutmanncrist.biz/','5757','{"Description": "Default description for media files."}','2017-12-16 16:22:54','2020-01-04 11:00:57'),
('36','2','36','http://beatty.com/','6366','{"Description": "Default description for media files."}','2016-12-22 23:22:13','2020-01-04 16:37:33'),
('37','2','37','http://christiansenreynolds.com/','6813','{"Description": "Default description for media files."}','2019-11-15 06:52:59','2019-11-17 20:25:04'),
('38','1','38','http://www.konopelskikuhn.org/','2250','{"Description": "Default description for media files."}','2012-11-29 05:07:48','2019-08-26 08:10:06'),
('39','1','39','http://www.homenick.com/','6621','{"Description": "Default description for media files."}','2017-10-03 20:42:28','2019-11-26 17:25:40'),
('40','1','40','http://hoppeschamberger.info/','4837','{"Description": "Default description for media files."}','2011-09-19 01:38:25','2020-04-02 20:57:57');

INSERT INTO media(id, media_type_id, user_id, file_path, size, metadata) VALUES 
('50','1','1','http://boosty.io/stores/file','2912','{"Description": "Default description for media files."}'),
('51','1','4','http://boosty.io/stores/file','2912','{"Description": "Default description for media files."}'),
('52','1','6','http://boosty.io/stores/file','2912','{"Description": "Default description for media files."}'),
('53','1','12','http://boosty.io/stores/file','2912','{"Description": "Default description for media files."}'),
('54','1','14','http://boosty.io/stores/file','2912','{"Description": "Default description for media files."}'),
('55','1','16','http://boosty.io/stores/file','2912','{"Description": "Default description for media files."}'),
('56','1','18','http://boosty.io/stores/file','2912','{"Description": "Default description for media files."}'),
('57','1','20','http://boosty.io/stores/file','2912','{"Description": "Default description for media files."}'),
('58','1','24','http://boosty.io/stores/file','2912','{"Description": "Default description for media files."}'),
('59','1','28','http://boosty.io/stores/file','2912','{"Description": "Default description for media files."}');


INSERT INTO media VALUES
('101','1','28','https://boosty.io/stores/posts/file','5012','{"Description": "Default description for media files."}','2016-01-15 08:44:10','2019-06-14 23:29:39'),
('102','1','4','https://boosty.io/stores/posts/file','4462','{"Description": "Default description for media files."}','2014-11-10 03:35:07','2019-08-14 12:02:48'),
('103','1','16','https://boosty.io/stores/posts/file','2154','{"Description": "Default description for media files."}','2016-02-16 06:38:31','2019-07-02 20:29:20'),
('104','1','18','https://boosty.io/stores/posts/file','4554','{"Description": "Default description for media files."}','2012-12-13 14:49:19','2019-05-08 20:14:42'),
('105','1','6','https://boosty.io/stores/posts/file','2870','{"Description": "Default description for media files."}','2018-01-01 11:43:10','2019-10-16 01:27:33'),
('106','1','1','https://boosty.io/stores/posts/file','4045','{"Description": "Default description for media files."}','2019-06-02 18:15:40','2020-02-24 09:46:11'),
('107','1','24','https://boosty.io/stores/posts/file','5558','{"Description": "Default description for media files."}','2013-05-29 20:18:32','2019-12-24 06:36:40'),
('108','1','24','https://boosty.io/stores/posts/file','7070','{"Description": "Default description for media files."}','2018-01-08 02:42:47','2019-11-25 16:19:43'),
('109','1','6','https://boosty.io/stores/posts/file','3866','{"Description": "Default description for media files."}','2011-09-17 04:34:17','2020-03-15 13:05:28'),
('110','1','16','https://boosty.io/stores/posts/file','2154','{"Description": "Default description for media files."}','2013-02-06 14:20:51','2019-08-21 22:41:00'),
('111','1','20','https://boosty.io/stores/posts/file','5889','{"Description": "Default description for media files."}','2020-02-21 15:57:58','2020-03-04 12:50:38'),
('112','1','6','https://boosty.io/stores/posts/file','2558','{"Description": "Default description for media files."}','2014-04-27 14:24:32','2019-07-21 21:36:58'),
('113','1','1','https://boosty.io/stores/posts/file','3210','{"Description": "Default description for media files."}','2011-12-05 16:39:38','2019-11-17 18:50:44'),
('114','1','20','https://boosty.io/stores/posts/file','2854','{"Description": "Default description for media files."}','2015-01-13 13:21:09','2019-07-06 08:45:45'),
('115','1','24','https://boosty.io/stores/posts/file','2969','{"Description": "Default description for media files."}','2012-02-16 19:48:15','2019-05-17 08:01:45'),
('116','1','1','https://boosty.io/stores/posts/file','6240','{"Description": "Default description for media files."}','2015-01-23 03:15:44','2019-05-16 03:26:31'),
('117','1','6','https://boosty.io/stores/posts/file','6659','{"Description": "Default description for media files."}','2016-07-16 10:17:39','2019-11-13 02:02:25'),
('118','1','18','https://boosty.io/stores/posts/file','3731','{"Description": "Default description for media files."}','2014-07-28 13:34:51','2019-09-08 11:59:22'),
('119','1','14','https://boosty.io/stores/posts/file','5712','{"Description": "Default description for media files."}','2010-09-27 17:10:15','2019-09-12 19:45:36'),
('120','1','16','https://boosty.io/stores/posts/file','3013','{"Description": "Default description for media files."}','2017-12-07 16:51:23','2019-10-05 08:37:42'),
('121','1','18','https://boosty.io/stores/posts/file','4855','{"Description": "Default description for media files."}','2016-10-27 06:34:00','2020-05-02 08:14:03'),
('122','1','14','https://boosty.io/stores/posts/file','7025','{"Description": "Default description for media files."}','2011-03-28 10:42:42','2019-10-23 16:22:49'),
('123','1','14','https://boosty.io/stores/posts/file','5997','{"Description": "Default description for media files."}','2017-03-19 12:15:40','2019-12-21 09:26:25'),
('124','1','28','https://boosty.io/stores/posts/file','5860','{"Description": "Default description for media files."}','2019-07-10 00:53:30','2019-11-30 01:29:51'),
('125','1','6','https://boosty.io/stores/posts/file','7986','{"Description": "Default description for media files."}','2019-06-16 02:06:12','2019-12-31 07:14:30'),
('126','1','16','https://boosty.io/stores/posts/file','7356','{"Description": "Default description for media files."}','2011-03-02 21:50:08','2019-08-26 21:24:31'),
('127','1','12','https://boosty.io/stores/posts/file','2730','{"Description": "Default description for media files."}','2014-04-13 13:03:34','2020-01-02 13:44:08'),
('128','1','1','https://boosty.io/stores/posts/file','2375','{"Description": "Default description for media files."}','2019-06-19 16:06:51','2019-12-29 01:16:39'),
('129','1','20','https://boosty.io/stores/posts/file','4643','{"Description": "Default description for media files."}','2014-06-29 23:06:48','2019-09-28 06:13:56'),
('130','1','24','https://boosty.io/stores/posts/file','5707','{"Description": "Default description for media files."}','2015-03-02 18:17:59','2019-11-11 23:39:53'),
('131','1','28','https://boosty.io/stores/posts/file','6756','{"Description": "Default description for media files."}','2013-09-29 10:39:32','2019-09-29 02:48:59'),
('132','1','14','https://boosty.io/stores/posts/file','2595','{"Description": "Default description for media files."}','2011-12-28 05:23:08','2020-04-10 16:36:33'),
('133','1','1','https://boosty.io/stores/posts/file','5818','{"Description": "Default description for media files."}','2018-03-15 08:33:11','2020-03-04 04:20:29'),
('134','1','16','https://boosty.io/stores/posts/file','5763','{"Description": "Default description for media files."}','2016-02-13 12:04:39','2019-05-17 06:59:14'),
('135','1','16','https://boosty.io/stores/posts/file','7587','{"Description": "Default description for media files."}','2017-03-29 04:40:21','2019-12-29 06:09:11'),
('136','1','12','https://boosty.io/stores/posts/file','6682','{"Description": "Default description for media files."}','2011-02-03 17:07:11','2020-04-03 04:20:54'),
('137','1','24','https://boosty.io/stores/posts/file','3159','{"Description": "Default description for media files."}','2014-06-20 10:17:18','2019-12-23 13:20:01'),
('138','1','16','https://boosty.io/stores/posts/file','2483','{"Description": "Default description for media files."}','2011-12-06 23:25:21','2019-05-25 13:06:12'),
('139','1','6','https://boosty.io/stores/posts/file','4025','{"Description": "Default description for media files."}','2017-06-23 16:59:30','2019-10-10 18:40:48'),
('140','1','18','https://boosty.io/stores/posts/file','2926','{"Description": "Default description for media files."}','2019-08-23 14:25:08','2020-04-23 20:28:45'),
('141','1','12','https://boosty.io/stores/posts/file','4195','{"Description": "Default description for media files."}','2011-11-30 06:43:57','2020-03-21 05:28:42'),
('142','1','24','https://boosty.io/stores/posts/file','3583','{"Description": "Default description for media files."}','2018-03-01 14:03:03','2019-10-27 21:56:05'),
('143','1','12','https://boosty.io/stores/posts/file','7339','{"Description": "Default description for media files."}','2012-01-24 12:34:18','2019-06-22 03:11:46'),
('144','1','4','https://boosty.io/stores/posts/file','2388','{"Description": "Default description for media files."}','2016-11-27 14:33:18','2020-02-18 02:04:01'),
('145','1','18','https://boosty.io/stores/posts/file','7577','{"Description": "Default description for media files."}','2013-11-30 09:05:47','2020-03-19 15:33:03'),
('146','1','18','https://boosty.io/stores/posts/file','3716','{"Description": "Default description for media files."}','2016-02-29 19:52:56','2019-12-20 10:51:00'),
('147','1','20','https://boosty.io/stores/posts/file','2673','{"Description": "Default description for media files."}','2017-06-24 11:21:46','2020-03-18 15:59:57'),
('148','1','28','https://boosty.io/stores/posts/file','6671','{"Description": "Default description for media files."}','2012-03-16 07:42:32','2020-05-03 05:52:44'),
('149','1','1','https://boosty.io/stores/posts/file','5243','{"Description": "Default description for media files."}','2011-09-29 19:37:28','2019-08-31 21:26:05'),
('150','1','28','https://boosty.io/stores/posts/file','3265','{"Description": "Default description for media files."}','2010-12-21 18:56:35','2019-05-12 05:48:55'); 

INSERT INTO profiles VALUES 
('1','13','female','2002-01-21','Sonyashire','Isle of Man','13','2019-12-11 03:14:00','2020-04-10 14:00:41'),
('2','7','female','2012-01-07','Port Stephan','Vietnam','7','2015-06-26 16:29:05','2020-05-06 03:02:36'),
('3','33','male','1985-08-05','Webstertown','Bangladesh','33','2017-01-03 09:19:22','2020-04-13 03:18:45'),
('4','12','female','1993-07-22','Robelshire','Slovenia','12','2019-07-27 13:42:00','2020-04-30 05:45:23'),
('5','9','female','2009-07-06','Hodkiewiczburgh','Antigua and Barbuda','9','2017-08-14 18:33:39','2020-04-18 17:31:54'),
('6','21','male','2020-04-07','North Jeromy','Singapore','21','2015-08-11 01:42:56','2020-05-01 03:41:56'),
('7','32','female','1978-12-04','Lake Sarahfort','Malta','32','2011-06-22 16:59:57','2020-04-26 17:11:40'),
('8','17','male','1983-12-05','South Geraldhaven','Benin','17','2014-07-09 20:20:54','2020-04-20 21:21:29'),
('9','8','female','1993-11-05','Thomasmouth','American Samoa','8','2015-09-25 05:44:03','2020-05-02 15:22:47'),
('10','5','female','1984-09-26','Torpview','Libyan Arab Jamahiriya','5','2013-07-07 19:47:52','2020-05-05 15:16:34'),
('11','29','male','1983-08-31','Connland','Northern Mariana Islands','29','2019-12-09 14:41:17','2020-04-20 21:58:25'),
('12','34','male','1999-05-05','New Emiliaport','Swaziland','34','2019-06-20 05:39:21','2020-04-13 22:16:02'),
('13','2','female','1989-06-26','Konopelskitown','Aruba','2','2013-10-16 07:13:51','2020-04-25 08:12:17'),
('14','22','female','2014-01-15','Kubland','Congo','22','2016-08-09 04:27:14','2020-04-15 16:15:02'),
('15','40','female','1997-03-29','West Megane','United Arab Emirates','40','2018-04-30 13:02:31','2020-04-12 05:41:40'),
('16','38','female','1988-06-08','Jeannemouth','Tanzania','38','2015-07-25 07:24:36','2020-04-26 13:01:19'),
('17','4','female','1997-12-15','Jeanetteburgh','Hungary','4','2015-01-08 19:27:21','2020-04-19 02:21:44'),
('18','20','female','1992-06-14','Lake Jaceview','Wallis and Futuna','20','2014-03-23 20:25:56','2020-04-22 02:56:18'),
('19','28','male','1989-01-22','Klockoborough','Egypt','28','2013-11-14 04:07:32','2020-04-23 18:12:47'),
('20','25','female','1989-11-22','South Cleveland','Costa Rica','25','2017-11-26 06:53:31','2020-05-01 23:15:37'),
('21','1','male','2014-04-19','Harleyville','Tanzania','1','2012-11-13 06:43:45','2020-05-01 23:29:37'),
('22','39','male','2002-07-24','Beattymouth','South Georgia and the South Sandwich Islands','39','2014-10-19 00:41:07','2020-05-03 05:02:03'),
('23','19','female','1977-09-01','New Rebekah','Belgium','19','2017-08-05 11:26:43','2020-04-21 02:13:47'),
('24','23','female','1989-07-08','O\'Konside','Egypt','23','2017-04-22 07:12:11','2020-04-20 10:51:51'),
('25','26','female','1993-05-22','New Ava','Macedonia','26','2018-07-21 20:03:12','2020-05-01 10:55:49'),
('26','30','male','2016-08-03','Rutherfordberg','Lao People\'s Democratic Republic','30','2016-11-15 02:28:30','2020-05-05 13:32:48'),
('27','11','female','1974-05-06','West Orin','Greenland','11','2012-09-17 05:52:41','2020-04-09 23:26:07'),
('28','35','male','1979-08-24','New Alexandroview','Kazakhstan','35','2018-11-07 11:26:05','2020-04-17 02:59:09'),
('29','36','male','1985-10-09','Theoland','Palestinian Territory','36','2012-02-26 06:14:04','2020-04-17 01:06:09'),
('30','14','female','1996-08-27','Port Zackaryburgh','Bahrain','14','2018-03-06 20:55:00','2020-04-27 06:21:46'),
('31','18','female','1991-01-28','Lake Devonport','Indonesia','18','2013-05-05 01:49:38','2020-04-24 12:08:30'),
('32','24','male','1992-03-23','South Dorcasville','Falkland Islands (Malvinas)','24','2017-01-26 12:16:15','2020-04-24 08:46:01'),
('33','6','female','2004-02-22','North Tara','Malawi','6','2018-02-22 13:55:09','2020-04-22 21:36:21'),
('34','10','female','2016-08-08','West Wilberfurt','Belarus','10','2019-07-22 14:40:24','2020-04-27 21:00:27'),
('35','31','male','1977-10-04','Theodorafort','Solomon Islands','31','2019-02-26 11:44:19','2020-04-13 10:05:39'),
('36','37','female','1984-06-30','Hesselmouth','Germany','37','2019-08-01 00:55:50','2020-04-11 05:28:31'),
('37','3','male','1972-03-09','East Karistad','Hong Kong','3','2010-09-22 23:41:28','2020-04-12 10:34:16'),
('38','16','female','1993-12-27','Cobymouth','Saint Pierre and Miquelon','16','2015-01-17 08:10:23','2020-04-17 09:11:12'),
('39','15','male','1984-09-06','East Benjamin','Congo','15','2015-11-24 12:59:08','2020-05-04 08:51:55'),
('40','27','female','2004-01-21','East Laronshire','Singapore','27','2017-07-19 01:10:19','2020-04-19 13:28:49');

INSERT INTO stores(user_id) VALUES 
('1'), ('4'), ('6'), ('12'), ('14'), ('16'), ('18'), ('20'), ('24'), ('28');

INSERT INTO store_profiles(id, store_id, store_url, img_back_store_id, info_store, link_youtube, link_vk, link_facebook, link_ok, link_twitter, link_instagram) VALUES 
('1','1','http://boosty.io/store_1','50','Default store information','https://youtube.com/store_1','https://vk.com/store_1','https://facebook.com/store_1','https://ok.com/store_1','https://twitter.com/store_1','https://instagram.com/store_1'),
('2','2','http://boosty.io/store_2','51','Default store information','https://youtube.com/store_2','https://vk.com/store_2','https://facebook.com/store_2','https://ok.com/store_2','https://twitter.com/store_2','https://instagram.com/store_2'),
('3','3','http://boosty.io/store_3','52','Default store information','https://youtube.com/store_3','https://vk.com/store_3','https://facebook.com/store_3','https://ok.com/store_3','https://twitter.com/store_3','https://instagram.com/store_3'),
('4','4','http://boosty.io/store_4','53','Default store information','https://youtube.com/store_4','https://vk.com/store_4','https://facebook.com/store_4','https://ok.com/store_4','https://twitter.com/store_4','https://instagram.com/store_4'),
('5','5','http://boosty.io/store_5','54','Default store information','https://youtube.com/store_5','https://vk.com/store_5','https://facebook.com/store_5','https://ok.com/store_5','https://twitter.com/store_5','https://instagram.com/store_5'),
('6','6','http://boosty.io/store_6','55','Default store information','https://youtube.com/store_6','https://vk.com/store_6','https://facebook.com/store_6','https://ok.com/store_6','https://twitter.com/store_6','https://instagram.com/store_6'),
('7','7','http://boosty.io/store_7','56','Default store information','https://youtube.com/store_7','https://vk.com/store_7','https://facebook.com/store_7','https://ok.com/store_7','https://twitter.com/store_7','https://instagram.com/store_7'),
('8','8','http://boosty.io/store_8','57','Default store information','https://youtube.com/store_8','https://vk.com/store_8','https://facebook.com/store_8','https://ok.com/store_8','https://twitter.com/store_8','https://instagram.com/store_8'),
('9','9','http://boosty.io/store_9','58','Default store information','https://youtube.com/store_9','https://vk.com/store_9','https://facebook.com/store_9','https://ok.com/store_9','https://twitter.com/store_9','https://instagram.com/store_9'),
('10','10','http://boosty.io/store_10','59','Default store information','https://youtube.com/store_10','https://vk.com/store_10','https://facebook.com/store_10','https://ok.com/store_10','https://twitter.com/store_10','https://instagram.com/store_10');

INSERT INTO subscription_levels VALUES
('1','1','quia','Quam et provident provident eos enim harum et.','13.30','2017-09-16 01:02:57','2019-10-22 10:51:53'),
('2','2','qui','Quibusdam qui nulla eius repellendus dolorem esse.','2378119.00','2018-05-31 17:33:25','2019-08-17 05:25:46'),
('3','8','ullam','Aliquam voluptas impedit reiciendis ut.','3557.12','2014-02-28 19:05:46','2019-05-12 14:50:18'),
('4','10','vel','Asperiores quo accusamus vitae unde illum.','50110.00','2015-07-20 21:47:43','2020-04-29 01:31:22'),
('5','10','iusto','Fuga odit quis laboriosam nemo.','25.18','2018-11-30 14:58:13','2020-04-09 11:53:37'),
('6','10','possimus','Inventore aliquid sed in voluptate aut.','492825188.70','2016-02-24 11:48:08','2019-09-12 13:50:58'),
('7','2','aut','Inventore cupiditate debitis debitis sed.','6591.90','2016-09-15 19:09:17','2019-10-26 02:09:15'),
('8','1','distinctio','Ad rerum voluptatem numquam repudiandae est.','76233.17','2011-02-05 06:43:11','2019-06-27 13:46:54'),
('9','4','reiciendis','Aliquam at sed dolores voluptas et.','1.12','2014-11-18 15:03:23','2020-03-15 22:26:20'),
('10','6','qui','Dignissimos odit voluptatem tempora expedita.','0.68','2014-04-10 16:54:31','2019-06-15 04:42:47'),
('11','6','sed','Temporibus quae ab ut iste.','70365.46','2011-03-05 22:17:11','2019-05-08 16:47:03'),
('12','9','et','Aut neque illum ducimus molestiae.','58.27','2019-11-03 16:33:11','2019-05-13 02:26:08'),
('13','5','non','Voluptas ipsum adipisci at in adipisci aperiam.','200.00','2014-03-04 16:37:44','2019-05-22 01:34:27'),
('14','1','dolore','Autem molestias in et quidem.','189159925.12','2012-02-18 07:06:39','2019-08-16 07:29:47'),
('15','2','excepturi','Cum accusamus fuga dolore impedit voluptate.','0.00','2015-05-12 00:07:08','2019-12-09 09:33:28'),
('16','1','rerum','Id omnis quod dolor voluptatem.','3977.27','2016-05-24 14:43:01','2019-11-16 21:26:13'),
('17','1','fugiat','Consequuntur ipsum eum sunt tempora sint debitis.','466.93','2018-02-27 08:09:52','2019-12-02 03:20:32'),
('18','7','dolor','Nulla voluptate ex harum porro adipisci.','0.55','2017-11-23 19:37:29','2019-12-24 13:26:20'),
('19','3','voluptate','Amet doloremque distinctio vel quo rerum.','198429.17','2016-06-01 18:52:39','2019-07-20 10:16:00'),
('20','9','sit','Id autem vel id totam maxime omnis.','535.50','2016-04-14 14:24:47','2020-03-07 11:35:46'),
('21','8','praesentium','Et voluptatem dolorem velit facere libero unde.','59568.64','2016-03-21 08:56:48','2019-08-29 06:23:19'),
('22','7','sit','Laudantium minima sunt accusantium voluptatum vel illo recusandae.','1.15','2015-12-09 00:10:14','2020-03-16 08:33:31'),
('23','5','et','Nulla voluptatum qui velit voluptatem magnam et.','416720.01','2019-03-18 21:17:49','2019-08-02 23:44:19'),
('24','8','omnis','Repellendus ea ut qui ut harum magni et.','62707007.56','2019-11-26 01:49:18','2020-03-31 14:58:02'),
('25','1','dolor','Hic doloremque sequi nisi iure voluptas.','0.43','2020-02-27 08:29:10','2019-11-17 23:52:37'),
('26','9','iure','Natus deleniti consequuntur quasi voluptas.','54.96','2019-05-11 15:01:59','2020-03-19 01:41:13'),
('27','10','quo','Accusamus quisquam iste sed provident impedit sit et.','16420851.00','2013-08-01 22:07:40','2020-04-23 04:18:27'),
('28','5','sapiente','Molestiae nulla ad praesentium voluptas autem sit dolorem.','5.00','2019-09-21 11:02:33','2019-10-07 08:15:18'),
('29','2','officiis','Consequatur placeat qui voluptatem.','2226.46','2014-11-14 14:50:39','2019-07-12 00:18:51'),
('30','7','quibusdam','Voluptatem eos expedita deserunt impedit ipsum.','0.00','2018-01-08 12:04:51','2019-12-20 21:26:48'),
('31','3','aliquam','Enim commodi asperiores qui est earum voluptate sit.','81.80','2015-11-18 07:44:01','2020-04-07 09:56:42'),
('32','7','reiciendis','Placeat dolorem laboriosam laborum est.','277308.00','2013-04-12 03:37:50','2019-11-24 16:44:21'),
('33','8','voluptatem','Pariatur aperiam fugit eos laboriosam.','1158179.65','2017-07-26 22:07:14','2019-06-04 00:44:18'),
('34','9','est','Qui id rem nobis provident.','11.82','2011-07-04 01:03:58','2019-05-24 19:14:27'),
('35','2','eveniet','Placeat consequatur quo alias eius reiciendis voluptas rerum quis.','29111424.00','2011-10-10 10:56:39','2019-07-28 10:18:50'),
('36','5','accusamus','Beatae et voluptas fugit aliquid maiores.','0.00','2014-10-25 00:25:54','2019-11-22 11:21:10'),
('37','3','adipisci','Accusamus alias est voluptates pariatur optio.','0.00','2011-11-13 10:00:12','2019-06-08 00:58:45'),
('38','6','commodi','Asperiores voluptas rem voluptates non doloribus explicabo.','2653182.04','2012-12-16 12:31:05','2020-01-01 16:45:54'),
('39','6','ut','Et commodi quam aut hic voluptatem doloribus facere.','576864.62','2017-11-16 11:23:22','2019-12-18 11:36:44'),
('40','3','nihil','Cumque accusamus earum neque ab.','12.95','2019-12-09 03:30:39','2020-03-31 20:31:57'),
('41','3','ex','Nesciunt dolores dolor laborum qui magnam quia aspernatur nostrum.','63101.00','2018-09-03 05:11:18','2019-08-15 17:43:55'),
('42','3','quae','Deserunt quae minima omnis libero.','0.00','2010-06-05 10:33:44','2019-09-18 04:37:08'),
('43','1','repellendus','Excepturi ut aut expedita sunt.','28620438.52','2014-07-03 11:19:26','2019-09-19 04:04:25'),
('44','4','quisquam','Est in perferendis tempora.','0.00','2020-04-20 18:32:35','2020-03-28 05:12:35'),
('45','2','in','Occaecati laudantium sit aliquam beatae dolor tenetur corrupti.','3711.16','2015-04-21 17:20:45','2019-08-07 10:00:09'),
('46','1','id','Vitae cupiditate ut ut consequuntur.','67.00','2011-02-07 11:25:05','2020-02-01 00:31:01'),
('47','1','voluptas','Praesentium quaerat omnis consequuntur at.','57226.95','2010-10-16 06:59:45','2019-06-10 04:02:26'),
('48','1','possimus','Maiores distinctio impedit minima.','3211432.91','2011-09-29 12:29:59','2020-03-04 18:23:06'),
('49','9','nihil','At autem consequatur dolor sint voluptas.','115900828.47','2020-01-23 22:29:23','2019-12-15 23:53:26'),
('50','6','quos','Et sapiente labore officia omnis id.','21.24','2013-11-01 01:39:41','2019-07-09 03:24:45'),
('51','9','perferendis','Mollitia sed delectus aliquam ut.','800.97','2017-12-09 13:09:17','2020-02-04 04:56:47'),
('52','1','ut','Deserunt sed consectetur aut minima voluptas quis.','25306.80','2013-10-25 18:38:29','2020-02-06 22:35:37'),
('53','2','excepturi','Architecto in eius hic aut ab.','560904.00','2018-03-21 11:01:53','2019-07-16 07:40:16'),
('54','2','reprehenderit','Harum sint qui veritatis id sint.','3957976.34','2018-10-01 16:53:41','2019-10-20 08:12:24'),
('55','1','placeat','Velit est et aut quis ea.','5274.56','2020-03-23 07:38:30','2019-06-30 05:52:34'),
('56','3','voluptatem','Omnis qui saepe error eos aut nostrum numquam voluptatem.','60561.45','2014-10-01 18:37:29','2020-02-06 02:31:25'),
('57','3','nihil','In velit aspernatur ea libero et est necessitatibus.','573.80','2013-03-23 14:22:24','2019-10-06 17:41:48'),
('58','5','sed','Quas dicta dolores nesciunt dolores soluta earum et qui.','0.00','2017-05-15 19:58:53','2020-02-02 12:03:37'),
('59','6','voluptas','Omnis saepe minus quia eum.','303682607.21','2010-10-19 10:22:02','2020-02-01 23:48:52'),
('60','3','repudiandae','Sit et odio est quia nisi ex aliquid.','87.00','2019-06-01 21:44:05','2020-05-02 23:41:29'),
('61','2','itaque','Vero commodi modi sit doloribus recusandae tempore.','104045323.70','2012-10-17 19:52:51','2019-09-22 03:09:25'),
('62','8','eum','Sit totam amet placeat sequi.','137.06','2015-08-07 17:02:27','2020-03-02 10:11:04'),
('63','1','incidunt','Nihil voluptatibus amet quasi qui quo a.','2237.10','2011-12-08 13:56:22','2019-05-14 23:50:41'),
('64','7','est','Ipsam atque ea error et error.','51.30','2011-09-23 20:39:52','2020-05-07 13:29:55'),
('65','3','unde','Placeat nostrum sed qui sed unde.','7602.27','2019-06-23 14:56:14','2019-08-20 04:49:16'),
('66','2','eum','Tempora consectetur dolores quia.','0.00','2015-12-10 09:38:52','2019-08-28 20:02:47'),
('67','3','aliquid','Eum amet placeat illo aliquid dolorem in porro.','4935773.95','2018-11-28 02:03:46','2020-03-31 00:08:54'),
('68','4','repudiandae','Atque facere dolorum voluptas corporis neque labore.','2139.03','2017-05-17 04:01:21','2019-08-15 23:03:36'),
('69','5','ut','Fugiat omnis qui quis possimus et animi.','26.10','2012-03-28 19:00:25','2020-03-21 01:30:23'),
('70','6','perspiciatis','Animi voluptatibus nihil est ducimus similique.','28707595.44','2012-02-25 16:09:13','2020-01-12 18:58:52'),
('71','8','quia','Et dolor aut nisi aspernatur.','351004205.28','2014-06-18 08:18:31','2019-11-22 19:20:08'),
('72','3','voluptatum','Earum ab quos eos dolores iste.','0.00','2015-06-26 22:31:01','2019-08-23 09:10:15'),
('73','10','ut','Doloribus totam vel eum commodi.','605955780.00','2016-11-14 14:07:23','2020-04-19 01:52:32'),
('74','5','rem','Inventore cumque non rerum illo ut temporibus expedita.','131680060.00','2016-02-19 10:47:19','2019-09-07 05:59:33'),
('75','6','sit','Sunt est nemo libero consequatur et.','0.00','2012-06-02 11:07:38','2019-08-19 02:42:24'),
('76','8','adipisci','Et suscipit et tempore natus.','107.60','2016-10-09 10:10:43','2020-02-08 11:20:12'),
('77','10','rerum','Consequatur excepturi suscipit provident sunt neque.','12556.00','2012-11-24 08:55:56','2019-09-06 05:58:59'),
('78','6','et','Enim nisi dicta maiores ut sed nostrum.','0.00','2017-03-05 12:00:38','2019-08-02 08:20:53'),
('79','5','eius','Vitae dolorum labore magnam possimus id.','12.28','2016-02-10 21:15:18','2019-07-31 20:14:19'),
('80','1','unde','Ratione facilis quam harum dolorum.','621060.08','2014-10-05 23:54:56','2020-02-02 06:46:22'),
('81','10','voluptatum','Asperiores quae deleniti possimus quia aut assumenda consequuntur quaerat.','2567137.87','2015-06-06 01:03:15','2020-04-23 13:37:50'),
('82','3','non','Corrupti maiores impedit facere.','6621.90','2013-02-15 09:57:57','2019-11-22 20:52:31'),
('83','10','in','Autem omnis inventore soluta vel facilis dolorem nostrum nihil.','3949.05','2015-06-27 23:42:43','2019-09-04 19:54:55'),
('84','10','ut','Rerum officiis rerum dolor voluptas.','24.62','2011-08-07 09:49:16','2019-10-30 20:15:45'),
('85','3','qui','Expedita ea velit repudiandae impedit.','0.00','2015-02-05 12:30:20','2019-08-28 02:06:21'),
('86','4','repellendus','Voluptate ab labore assumenda dignissimos.','5.20','2016-06-10 23:31:55','2019-10-26 01:10:23'),
('87','2','id','Qui architecto voluptas est aut quia autem quae voluptas.','3.36','2013-10-30 11:34:36','2019-09-02 21:25:49'),
('88','4','et','Magnam aut maxime vel qui quidem ducimus nesciunt.','1.84','2014-05-08 02:14:15','2019-09-09 03:14:17'),
('89','8','quo','Quis laudantium qui pariatur et placeat necessitatibus similique.','2386545.36','2010-06-16 07:55:30','2020-01-25 10:39:27'),
('90','8','voluptatem','Earum iure sit alias omnis.','27346.00','2013-06-09 00:32:33','2019-10-01 22:12:20'),
('91','6','et','Aut tempore aut vero corporis tenetur ab.','25478441.47','2016-11-27 23:13:52','2019-12-02 10:18:18'),
('92','8','dolores','Sed molestias et delectus aut voluptatem.','0.00','2012-06-07 12:46:27','2020-05-08 03:42:03'),
('93','1','voluptatum','Qui labore facere aut.','4.73','2010-10-19 06:20:39','2019-11-06 18:35:16'),
('94','3','qui','Quidem rerum rem officiis facere est iusto officia id.','345547.44','2013-01-08 14:30:30','2019-11-13 05:48:21'),
('95','10','quisquam','Sint quia corporis qui odit nostrum officiis.','731356.90','2014-03-15 09:11:42','2019-10-07 06:13:06'),
('96','1','voluptates','Quo non doloribus necessitatibus perspiciatis.','52588367.26','2019-11-11 13:16:48','2019-12-09 23:57:19'),
('97','6','sed','Dolor incidunt in explicabo.','1.25','2017-03-22 18:01:51','2019-08-02 09:36:43'),
('98','3','consequuntur','Molestias dignissimos nulla animi et magnam.','0.00','2017-11-25 06:24:14','2019-07-15 00:27:00'),
('99','8','sit','Quidem veritatis eos hic reiciendis.','5148.37','2016-06-06 01:01:21','2020-02-23 20:44:10'),
('100','5','amet','Qui accusamus sequi ipsam ut maxime occaecati aut.','75772.89','2011-11-29 08:27:24','2019-12-04 10:29:39'),
('101','7','magni','Aut dolor hic sunt.','66109859.54','2010-08-22 22:38:48','2020-04-11 16:17:28'),
('102','4','quasi','Ipsam temporibus alias et voluptates mollitia ut tempora eaque.','4015.94','2012-05-26 01:30:21','2020-04-23 08:34:43'),
('103','3','consequatur','Quod et quis minima odio.','349.49','2019-11-15 01:49:10','2019-07-16 07:58:27'),
('104','4','est','Libero illo magni ut eaque ipsam dolorem et.','954.05','2017-04-21 03:27:50','2020-02-24 12:05:11'),
('105','10','quis','Voluptatem eaque velit ad blanditiis debitis praesentium.','0.00','2020-04-13 09:29:55','2020-03-16 04:08:03'),
('106','8','quibusdam','Repellat nostrum molestiae quis natus aut.','52.02','2013-02-18 00:29:28','2019-11-12 05:45:24'),
('107','3','eum','Itaque ut magnam et ex illum.','26237960.50','2013-05-09 20:19:37','2019-10-24 05:06:21'),
('108','1','aut','Ipsa modi amet porro cum aut minima sint.','0.00','2019-10-03 01:50:37','2019-06-04 23:24:55'),
('109','5','aut','Id molestiae velit ratione unde.','2799263.90','2014-02-13 04:00:52','2020-01-17 07:06:14'),
('110','4','voluptas','Eligendi dicta modi autem tenetur quam deleniti architecto illo.','89763174.62','2013-01-04 17:53:44','2019-06-05 09:30:40'),
('111','7','sunt','Eaque sit et consequuntur nam nihil eaque aut.','2586.54','2014-11-06 10:28:14','2019-08-13 17:00:07'),
('112','10','est','Error libero consequatur distinctio ratione iure sunt reiciendis.','186.64','2013-01-31 14:52:01','2019-11-18 13:48:33'),
('113','5','minima','Qui molestiae voluptas dolor omnis dignissimos iste.','1331501.72','2011-10-08 07:50:58','2019-10-22 14:56:54'),
('114','5','nulla','Tempore cupiditate sed qui sequi dolores iure exercitationem.','1.50','2013-05-20 22:37:07','2019-08-07 07:56:45'),
('115','8','distinctio','Ipsam doloribus asperiores assumenda non veniam omnis aut.','213459.34','2017-02-11 18:08:03','2019-11-03 15:46:32'),
('116','4','quia','Ut quia quaerat sint iusto fugiat autem voluptas.','28907008.14','2015-07-24 04:58:07','2020-02-22 22:57:43'),
('117','8','natus','Ut est et asperiores dolorum dolores accusamus corporis.','4399.67','2013-04-15 14:29:02','2020-01-20 11:23:41'),
('118','5','facere','Debitis velit praesentium repellat est ut.','4686786.08','2011-01-31 15:36:28','2020-03-08 13:55:39'),
('119','1','error','Odit reprehenderit ipsam enim iusto aut voluptas impedit.','638106849.29','2014-06-21 13:02:48','2020-01-17 12:39:41'),
('120','5','cumque','Sunt possimus et aperiam praesentium dolorem dolorem odit.','442.79','2017-10-25 05:39:21','2019-07-22 01:55:07'),
('121','7','sunt','Corporis non esse libero rerum maiores.','1.67','2010-12-27 10:04:58','2020-03-14 18:50:56'),
('122','5','voluptatem','Aperiam ut harum animi pariatur.','2230.08','2011-04-11 01:21:06','2019-10-25 05:01:54'),
('123','3','sunt','Accusantium repellat possimus cumque.','4.00','2020-05-07 02:38:23','2019-10-23 01:11:36'),
('124','10','ipsum','Non quia consequuntur molestias officiis deleniti consequatur.','11029.92','2018-04-27 07:20:17','2019-12-23 13:35:51'),
('125','4','aut','Ut consequatur ut dolorem recusandae consequatur.','190285.15','2019-05-11 03:21:51','2019-09-28 19:12:47'),
('126','1','placeat','Minima velit incidunt exercitationem suscipit.','2630.81','2015-04-01 01:37:17','2020-04-23 13:26:48'),
('127','8','aperiam','Esse velit incidunt voluptatum non cupiditate quas.','422.85','2016-12-29 20:28:51','2020-03-08 05:53:43'),
('128','10','consequatur','Dolorem cum dicta voluptates laborum amet alias modi.','32003.19','2011-02-11 16:39:06','2020-05-01 18:05:42'),
('129','9','est','Est non maxime voluptatibus alias ratione.','0.00','2018-11-04 04:27:23','2019-12-02 05:03:53'),
('130','7','quis','Atque quibusdam iure expedita cumque.','3.30','2014-07-09 14:00:32','2019-07-24 22:03:09'),
('131','7','quasi','Necessitatibus minus in animi numquam.','0.65','2014-11-12 12:07:12','2019-08-09 18:15:49'),
('132','3','error','Et sunt perspiciatis exercitationem eaque.','608.62','2019-02-24 18:12:51','2019-11-03 10:08:31'),
('133','3','velit','Temporibus illum sed exercitationem aut ea laboriosam fuga.','0.00','2016-03-20 00:23:45','2019-06-25 11:00:34'),
('134','6','ea','Rerum numquam sed iusto pariatur tempore unde.','20057.45','2013-08-18 14:33:25','2020-03-09 21:44:02'),
('135','9','quasi','Placeat unde qui a sunt eius velit.','91219005.07','2013-08-01 14:31:37','2019-07-30 04:28:58'),
('136','1','sapiente','Ut ut et quod fugiat.','61678.69','2019-04-18 17:11:00','2019-06-05 01:26:11'),
('137','3','modi','Modi accusamus consectetur incidunt expedita ut voluptas.','170541.68','2010-10-17 11:39:37','2020-01-17 23:28:10'),
('138','4','corrupti','Rerum architecto similique vitae soluta explicabo cumque ut.','59.76','2011-02-05 17:28:44','2020-04-02 06:53:23'),
('139','10','ea','Veniam aliquam qui laborum magnam.','798715.34','2017-12-05 08:19:01','2019-05-16 16:01:03'),
('140','3','molestias','Dolor vel pariatur rerum minus consequatur a aliquam.','273869800.54','2015-04-05 10:59:55','2019-11-03 12:46:21'),
('141','5','provident','Repellat amet perferendis mollitia aut similique nihil.','0.00','2017-07-16 20:43:45','2020-01-20 09:54:22'),
('142','10','officiis','Voluptate pariatur modi et assumenda sequi optio ut.','22084.23','2014-09-21 02:06:58','2020-01-30 08:44:36'),
('143','10','tempore','Placeat consequatur enim omnis aspernatur nihil cumque aut et.','34474.98','2013-01-03 17:55:03','2019-11-30 17:46:43'),
('144','8','in','Eos et adipisci voluptates minus in rem qui vitae.','22464747.00','2014-07-06 16:56:16','2019-09-02 08:41:47'),
('145','8','itaque','Est adipisci deleniti corrupti autem.','26.10','2011-12-30 19:39:51','2019-12-15 06:42:16'),
('146','4','nulla','In molestiae sapiente expedita aspernatur.','219.37','2017-02-14 23:26:25','2019-11-05 19:27:33'),
('147','10','ut','Itaque laborum quis soluta.','211834.28','2014-04-24 13:07:49','2019-10-21 03:53:18'),
('148','8','voluptatibus','Hic necessitatibus consequatur eum veritatis id quia.','103299316.00','2014-11-19 00:18:32','2019-11-06 14:30:04'),
('149','9','vel','Tempore rem dolorum est autem dolorum qui.','26.63','2017-10-12 03:03:49','2019-06-13 15:44:55'),
('150','10','laborum','Ut minus enim enim.','2.30','2017-04-15 08:15:19','2019-08-02 16:42:24'),
('151','8','amet','Quis rerum doloremque est quod animi sint minus.','113312.15','2010-07-26 10:07:38','2020-02-10 11:42:11'),
('152','4','molestiae','Ducimus alias et voluptas veritatis delectus quod.','2307279.85','2019-08-17 09:31:13','2019-11-03 17:52:25'),
('153','4','velit','Eos qui a corrupti.','445395583.83','2013-09-06 21:08:41','2020-01-03 08:24:11'),
('154','2','fugit','Sapiente asperiores deleniti et voluptatem nulla tempore.','46550830.82','2011-04-09 01:26:47','2020-01-26 14:35:41'),
('155','8','unde','Consequatur dolor non suscipit qui quia.','46.30','2011-09-28 03:39:16','2019-10-01 04:29:10'),
('156','9','voluptatum','Velit odio velit sapiente nobis voluptates qui ut.','126025832.40','2013-10-29 18:43:45','2019-08-16 11:52:44'),
('157','2','cum','Fugiat accusantium nulla maxime doloribus dolor quas assumenda voluptatum.','132.18','2013-01-16 19:15:42','2019-08-31 11:15:56'),
('158','6','molestias','Ipsam autem vero dolorem molestias alias tenetur.','0.00','2014-01-08 05:30:35','2019-07-13 21:14:02'),
('159','7','aut','Mollitia nihil pariatur aut qui ut libero.','490009366.70','2010-11-20 07:47:50','2019-10-21 19:55:34'),
('160','8','illum','Atque et ipsam cumque harum quasi voluptates consequatur.','23553261.97','2015-02-08 10:52:44','2020-04-13 18:30:17'),
('161','5','voluptas','Repellendus ut reiciendis dignissimos.','163.79','2014-06-01 04:02:30','2020-01-26 16:55:00'),
('162','10','molestias','Dolor rem sit consequuntur at.','390021.19','2015-02-27 20:46:38','2019-12-08 12:26:03'),
('163','2','et','Recusandae quasi temporibus iure sed.','4.00','2017-06-01 04:50:30','2020-01-10 05:51:12'),
('164','9','enim','Qui iusto vero magnam dicta incidunt est.','3.16','2017-03-24 09:29:16','2019-05-26 19:41:12'),
('165','6','et','Distinctio quis illum voluptatem mollitia eligendi magnam.','0.00','2018-07-14 01:38:17','2019-08-14 12:08:57'),
('166','2','necessitatibus','Eius ipsum occaecati quod eligendi tenetur.','65.72','2016-12-14 06:10:38','2019-06-08 09:21:44'),
('167','2','aut','Eius deserunt ut voluptas doloremque dicta.','10449.88','2010-08-05 10:15:06','2019-09-15 18:54:56'),
('168','6','eos','Error ut totam repellat vel.','28.80','2013-12-30 15:55:51','2019-08-21 10:09:45'),
('169','1','at','Nisi similique possimus vitae dolorum reiciendis et rem.','0.00','2016-06-29 01:56:36','2020-01-28 02:51:30'),
('170','9','voluptatem','Est dolore aut possimus et necessitatibus aut.','337.84','2018-05-04 23:51:09','2019-07-08 09:05:17'),
('171','10','voluptatem','In repellendus ipsa et veritatis et molestias.','5.68','2016-10-30 19:56:18','2020-04-19 20:10:17'),
('172','2','possimus','Suscipit expedita ea ipsum harum voluptas.','382200.18','2018-05-16 18:15:07','2019-05-09 04:05:40'),
('173','7','voluptatem','Reprehenderit dicta minus optio debitis doloribus aspernatur fuga.','464467726.04','2017-04-02 17:17:34','2020-02-04 05:44:54'),
('174','7','accusamus','Eligendi delectus esse consequatur aspernatur perspiciatis.','6331.84','2013-06-25 10:15:00','2019-08-26 18:40:08'),
('175','9','repellat','Non eligendi corrupti qui.','4804.84','2019-02-14 15:55:04','2019-06-03 06:48:30'),
('176','1','vitae','Ad ad et earum praesentium.','0.00','2014-08-23 18:54:56','2020-02-20 15:11:21'),
('177','8','et','Adipisci dignissimos nobis ipsa laborum porro.','300.20','2018-03-24 10:00:36','2020-01-22 16:28:59'),
('178','5','et','Odio ipsa qui eum nam praesentium corrupti.','39.45','2018-12-29 02:54:56','2019-12-23 05:39:48'),
('179','5','repellendus','Aut voluptas ea enim maxime ut quo.','9289339.08','2011-04-24 06:59:19','2019-12-26 11:25:10'),
('180','7','dolore','Animi aut ratione alias voluptatem laborum rerum nemo.','5.58','2019-07-03 00:29:39','2019-11-14 06:05:09'),
('181','4','aut','Ea ea eum alias commodi accusantium.','1589.51','2016-02-24 17:04:20','2019-12-16 05:03:21'),
('182','5','nisi','Ut dolores error atque adipisci qui.','7441.44','2010-06-19 07:11:50','2019-05-18 05:59:40'),
('183','5','ut','Blanditiis maxime temporibus rerum dolore.','26433.31','2017-02-18 19:00:44','2019-12-25 22:11:46'),
('184','10','labore','Accusamus maxime quisquam exercitationem odio.','30222237.51','2019-02-17 23:25:39','2019-11-05 23:35:57'),
('185','3','esse','Qui modi accusamus rerum doloremque aperiam aut.','0.29','2016-03-05 01:21:45','2019-07-25 18:06:07'),
('186','7','dolorem','Reiciendis molestiae rerum corporis possimus.','1212057.07','2017-06-17 03:30:57','2020-02-17 15:33:50'),
('187','10','molestiae','Repudiandae provident eaque necessitatibus.','4492.46','2010-07-16 12:21:48','2019-12-26 01:53:12'),
('188','5','et','Minus laudantium ratione aut omnis necessitatibus unde et.','76443679.77','2011-07-06 11:36:50','2019-05-10 14:18:40'),
('189','7','voluptas','Dolorem corrupti corrupti commodi repellat architecto placeat aut.','11898.99','2012-09-29 00:46:05','2019-09-21 10:48:42'),
('190','4','ea','Consequuntur non sapiente asperiores quia libero hic.','148694595.52','2015-01-01 18:08:12','2019-12-18 18:35:50'),
('191','10','harum','Et similique asperiores rerum voluptatem.','32667350.81','2015-01-28 06:31:52','2020-02-29 02:55:35'),
('192','7','est','Provident velit soluta laboriosam pariatur.','1966.03','2014-02-14 23:57:54','2020-02-14 03:21:13'),
('193','6','provident','Reprehenderit non consequatur nam quia distinctio.','1.40','2010-08-09 17:26:11','2019-11-23 01:28:37'),
('194','4','vel','Ducimus accusantium voluptate cupiditate qui et.','8567466.62','2019-04-05 11:56:04','2019-08-25 23:52:07'),
('195','6','tempore','Quia minus nesciunt rerum totam iusto voluptatibus dolores autem.','0.41','2019-09-22 10:30:21','2020-01-20 14:23:10'),
('196','2','aut','Et rerum rerum quibusdam aspernatur et.','33.70','2019-11-18 16:54:59','2019-12-14 19:44:33'),
('197','9','rerum','Rem omnis et suscipit sunt qui repellat optio fuga.','1.58','2019-11-22 16:11:45','2020-03-29 11:43:40'),
('198','4','ut','Rerum ut eos est ut provident ex est.','5278.84','2012-05-15 15:29:06','2019-12-25 03:32:51'),
('199','4','nam','Mollitia et modi illum sed voluptatum voluptatum ab.','16.56','2016-01-14 00:27:57','2020-03-11 19:04:54'),
('200','3','aut','Minus quos voluptates quia.','48581556.82','2014-01-07 08:12:41','2019-10-07 21:05:44');


INSERT INTO store_posts VALUES
('1','10','Aspernatur quis dignissimos iure quaerat.','Sed perspiciatis ut vitae asperiores ipsa consequatur voluptatem et. Perferendis dolorum quod sequi officia magnam aspernatur. Sed animi culpa ea modi voluptatem commodi consectetur.','140','http://bergstrom.com/','http://weissnat.com/','http://shanahan.com/','6673041.70','2010-11-21 02:02:23','2019-06-14 11:59:51'),
('2','6','Eius tempora est voluptas aliquam vero laudantium.','Eius voluptatem quaerat dolores sit consequatur eaque officia recusandae. Ipsam consequatur voluptas nobis placeat distinctio quaerat voluptas. Nihil magni amet vitae adipisci molestiae quia explicabo. Maxime quis non dolores nisi. Non quia ad id quas qui natus.','145','http://www.armstrongromaguera.com/','http://johnson.biz/','http://gottlieb.com/','0.00','2019-06-27 09:50:23','2019-09-16 18:37:00'),
('3','7','Ad ut aut qui est non.','Perspiciatis aut consectetur exercitationem est accusantium nostrum rerum dolorem. Non inventore dolor officiis. Aut quis laudantium modi et qui fugit veniam impedit. Doloribus earum praesentium alias porro est nobis.','109','http://wymanbraun.org/','http://smitham.com/','http://www.daugherty.org/','0.38','2013-03-19 01:37:06','2019-05-28 19:49:27'),
('4','7','Consequatur rerum vel dolorem dignissimos impedit at laborum.','Nihil adipisci quia esse pariatur ea recusandae. Ut et magnam voluptatem nam sed sunt. Enim ut molestiae expedita explicabo.','134','http://www.gleichner.net/','http://www.rowe.com/','http://www.spencerbeer.biz/','327371.90','2013-02-01 04:14:36','2019-07-24 00:16:47'),
('5','8','Nam qui officia id et.','Distinctio rerum dolores aperiam ut ea. Sed minima fuga velit culpa ad quia. Rerum consequuntur cum sed temporibus animi. Commodi omnis omnis aspernatur id sunt.','117','http://www.krajcikmiller.com/','http://www.dach.com/','http://www.barrows.org/','5.60','2015-07-17 04:26:53','2020-03-04 23:14:20'),
('6','9','Quas voluptatem incidunt non autem molestiae repellendus.','Consequuntur rerum est enim ab et dolor. Ratione impedit tempora officia sit dolore voluptatem est. Maxime vitae dolore magnam et occaecati iste. A nobis expedita repellendus autem veritatis voluptatem inventore.','132','http://glover.net/','http://prohaska.com/','http://schimmel.com/','14.00','2014-01-28 02:39:17','2019-08-12 09:38:02'),
('7','8','Natus in qui qui exercitationem magnam eum.','Perferendis maxime praesentium nesciunt autem quos. Dolor nam rem quidem quo quis pariatur alias. Rem ratione facilis temporibus autem repudiandae.','149','http://wiegandbuckridge.com/','http://www.nicolas.org/','http://www.strosin.com/','1926.38','2016-07-02 14:58:12','2020-01-07 19:45:30'),
('8','8','Dolores rerum sed molestiae ipsam.','Et et veritatis voluptas et nisi ratione culpa. Doloribus sequi occaecati ea repellat. Earum incidunt est rem facere repudiandae enim. Earum incidunt dolor omnis facere.','131','http://casper.com/','http://harris.net/','http://www.christiansen.com/','1395029.20','2010-11-16 01:33:12','2019-06-06 13:31:56'),
('9','7','Debitis quis reprehenderit qui accusantium quisquam minima quis.','Qui totam omnis velit repellat et distinctio non. Accusantium optio necessitatibus minus repellat est. Aliquid beatae ad dignissimos ducimus repellat aut. Optio sint omnis sapiente harum dolorem.','102','http://www.lindgren.net/','http://stiedemannhermann.org/','http://www.weber.biz/','0.00','2018-03-01 09:00:43','2019-08-28 19:38:18'),
('10','7','Voluptate quibusdam consequatur sunt cum quia accusantium occaecati.','Doloribus maxime culpa amet est et. Minus praesentium sed doloremque commodi earum tenetur ut. Qui qui dolorum et rerum illum enim accusamus. Aut repellendus debitis et quod. Eum id ab ipsum qui iure.','121','http://www.bergnaumoconnell.info/','http://kohler.com/','http://conn.com/','75322.66','2011-11-22 13:38:32','2019-06-05 12:34:04'),
('11','6','Nemo praesentium unde ipsa voluptatem ut aut.','Dolores tempore eum culpa explicabo. Aut aliquid et asperiores ut mollitia. Inventore a quisquam recusandae sit necessitatibus facere ullam unde. Sit quia fugiat quia dolores voluptas dolorem inventore.','114','http://reichertroob.info/','http://konopelskicollier.com/','http://altenwerth.com/','262.00','2012-09-27 23:03:23','2020-03-11 12:43:52'),
('12','2','Et amet itaque cumque ipsam ad.','Vel accusamus voluptas modi quibusdam odit. Laudantium et voluptatum tenetur quis qui ut. Sapiente atque error dolor iure vel. Sint incidunt dolores et quo nulla modi.','146','http://www.skiles.com/','http://www.casper.com/','http://www.considine.com/','435565.64','2019-12-31 22:17:03','2019-12-28 08:22:52'),
('13','9','Sint saepe quam libero.','Tempora dicta non impedit debitis exercitationem et. Adipisci culpa nihil voluptatem voluptates alias. At fugit eius nihil facilis sapiente quaerat.','121','http://auer.com/','http://www.lind.com/','http://www.lemke.com/','0.00','2015-07-10 15:50:42','2020-02-02 21:07:58'),
('14','2','Et quos qui ducimus.','Quia rerum est dolorem consectetur eaque. Officiis beatae placeat quidem reiciendis rerum. Cumque reprehenderit deleniti quia qui asperiores. Maxime veritatis corporis molestiae sit vitae dolor.','136','http://beckerfranecki.org/','http://streichwindler.info/','http://www.webergoodwin.com/','5.83','2014-06-04 03:18:04','2019-12-30 14:21:05'),
('15','2','Esse autem voluptas ut quia soluta animi unde quas.','Error dolores aspernatur consequatur blanditiis nam id qui. Nam voluptatem debitis delectus dolore iste est quam. Enim tempora qui aut magnam minima.','125','http://schroeder.biz/','http://bergehyatt.com/','http://www.schinner.org/','377235412.04','2013-01-13 19:31:44','2019-10-23 09:57:06'),
('16','5','Tenetur minima vel vitae iusto.','Quos unde quo soluta quod dolorem. Nisi ut et ipsum quasi est. Sunt totam temporibus porro minus consectetur tenetur. Qui ex praesentium voluptas nulla voluptates quibusdam.','135','http://oconner.info/','http://www.okeefe.com/','http://mcdermott.com/','33726995.40','2017-05-28 12:33:38','2019-11-07 15:53:11'),
('17','6','Velit tenetur sint inventore dicta tempora et laudantium molestiae.','Enim fuga sequi sint sed ex. Optio error eligendi consequatur maiores quia totam aperiam. Rerum quo quibusdam consequuntur rerum.','103','http://wiegand.info/','http://sanfordokuneva.com/','http://www.jonesstoltenberg.biz/','202131.72','2013-11-01 12:02:28','2020-04-24 05:58:47'),
('18','5','Et sunt non praesentium officia.','Maiores reprehenderit voluptates qui autem. Totam suscipit fugiat corporis tenetur commodi quasi aspernatur modi. Ipsum tempora minima dolorem dolor dolorum nam unde.','104','http://www.bartoletti.com/','http://kuphal.com/','http://www.rueckertremblay.com/','56.60','2012-06-14 03:21:20','2019-07-29 11:25:14'),
('19','3','Exercitationem quae voluptatem recusandae atque.','Animi itaque nihil ullam occaecati eum. Rerum est qui eaque vel consequatur accusantium. Possimus itaque cumque sit aut accusamus iusto sit.','117','http://www.welch.com/','http://www.volkman.com/','http://www.osinski.com/','0.00','2014-09-10 02:12:23','2019-10-02 00:40:48'),
('20','9','Perferendis itaque quod nihil molestiae voluptates nisi.','Illum omnis sapiente placeat. Facilis sed quo voluptates voluptas. Voluptas harum perferendis accusantium deleniti iusto consequatur. Nemo non sequi iure. Ut quod eos quia molestias quam et et rem.','110','http://yundt.com/','http://www.rath.com/','http://jonesbashirian.com/','41.30','2012-05-02 21:31:19','2019-12-07 09:02:47'),
('21','5','Aspernatur a vero et itaque voluptate dolor.','Quis ut blanditiis sed quo voluptate qui. Pariatur eum quisquam rerum iusto. Qui aut praesentium dolorem quae. Nostrum est id dolorem cum ut.','140','http://www.konopelski.com/','http://pollichtorp.com/','http://marvin.net/','71537.22','2019-05-03 21:28:54','2019-07-08 19:43:15'),
('22','1','Aut veniam provident maxime expedita quidem.','Laboriosam delectus asperiores cumque consectetur totam. Quos eos blanditiis esse mollitia qui. Necessitatibus est cumque id dolores atque eos harum eius.','132','http://schneidersenger.com/','http://stokes.com/','http://breitenberg.biz/','790.72','2018-04-24 10:08:20','2019-11-07 12:05:36'),
('23','7','Aspernatur delectus aut fugit quis sequi veniam.','Ut impedit autem commodi officiis quia nobis. Molestiae doloremque sint nam odio deleniti. Harum fugit voluptatibus et error nam sint rerum.','146','http://walter.com/','http://hesselgaylord.com/','http://mccullough.com/','121.52','2018-08-17 00:33:36','2020-04-07 23:46:24'),
('24','4','In tenetur deserunt aliquid et.','Eos a et iure maxime et praesentium ex quis. Voluptatem et nihil perferendis.','119','http://ryan.com/','http://www.jones.com/','http://greenholt.com/','7676565.46','2012-10-06 16:09:44','2020-04-07 22:09:58'),
('25','7','In aut occaecati perspiciatis aliquid in.','Velit enim qui velit mollitia illum totam. Ad quis amet sint vel repellat nulla a eos. Ullam modi alias incidunt sequi fugit nihil assumenda.','150','http://stamm.com/','http://www.gloverterry.com/','http://www.lang.com/','227526.36','2013-12-29 22:35:08','2020-01-02 21:07:53'),
('26','1','Ab fugit optio dolorum sed laborum voluptates in.','Distinctio qui suscipit quia omnis enim facilis aspernatur. Nihil eos eum deserunt temporibus sequi molestias aut. Omnis cumque praesentium sit sed et.','132','http://beer.com/','http://www.ondricka.com/','http://block.biz/','36.72','2014-08-24 18:05:53','2019-07-12 13:45:54'),
('27','3','Sit voluptatem numquam eveniet consequatur.','Et aut sit recusandae in quas iure sequi. Dicta eum sapiente a nihil. Quis sunt voluptates quis ipsa sint. Temporibus excepturi architecto doloribus rerum cum.','130','http://www.tromp.com/','http://www.littelohara.com/','http://www.robel.com/','0.00','2015-11-13 13:35:59','2020-04-05 18:21:55'),
('28','4','Voluptatem earum architecto voluptates ea cum.','Iure est similique tenetur ut. Vitae debitis dolore molestiae assumenda. Repudiandae soluta aut asperiores cupiditate. Sed ab animi sit neque quasi officiis.','121','http://ernser.com/','http://lindgren.com/','http://www.pouros.info/','16.60','2017-06-17 20:15:28','2020-03-05 00:16:36'),
('29','3','Dolorem quae ea libero repudiandae sunt nesciunt sint.','Accusamus libero voluptatem autem ullam. Blanditiis perferendis rerum voluptatem ipsam. Facere ad quis molestias distinctio a vitae.','113','http://tromp.com/','http://okuneva.com/','http://labadie.com/','0.00','2013-10-15 22:26:27','2019-08-18 09:38:21'),
('30','7','Adipisci suscipit cum incidunt voluptas.','Neque consequuntur minima aspernatur qui iure dolores. Omnis possimus dolor facere. Praesentium maiores quidem et id sed beatae porro expedita. Provident labore voluptas provident sit officia. Consequuntur accusantium natus magni.','122','http://www.russel.biz/','http://www.baileyblock.com/','http://handnicolas.com/','0.00','2015-03-16 08:03:35','2019-05-19 12:45:35'),
('31','5','Voluptatem reprehenderit nulla enim repellendus ipsam illo.','Et praesentium atque praesentium aliquid. Dolores deleniti natus explicabo corrupti doloribus.','105','http://www.wittingfay.info/','http://www.walter.com/','http://www.carroll.org/','3367.90','2015-02-16 20:09:47','2019-06-28 20:53:18'),
('32','5','Autem quia nemo esse veritatis ut qui consequatur.','Et illo eum est et tenetur et. Laborum beatae numquam atque et aliquam similique est. Ipsa tempora incidunt qui voluptatem. Dicta reprehenderit similique explicabo.','149','http://yost.com/','http://www.walter.com/','http://www.reynoldstrantow.com/','431323.78','2013-09-20 06:23:27','2019-07-29 04:54:57'),
('33','8','Optio consequatur accusamus inventore.','Quos autem voluptas id laudantium voluptatem rem omnis similique. Saepe et recusandae quod molestiae ea. Odit nemo molestias dolor. Voluptates dolore ex quia.','105','http://www.naderlakin.com/','http://gerhold.com/','http://www.schoenmante.com/','5.25','2012-10-15 11:27:16','2019-11-03 02:48:09'),
('34','9','Quaerat sunt ut exercitationem fugit dolorem eos.','Enim minima omnis dolor eos. Hic cupiditate cumque qui deserunt qui aliquid rerum.','128','http://www.andersoncassin.com/','http://legros.info/','http://www.stamm.com/','0.57','2016-03-21 15:02:10','2019-10-04 20:54:05'),
('35','3','Quia dolores facilis mollitia repudiandae.','Ratione odio accusantium itaque quis voluptas. Magni vel ut ex nobis facilis.','131','http://www.stoltenbergsenger.com/','http://schillereffertz.info/','http://homenickzieme.com/','159662266.24','2017-11-18 11:59:29','2019-07-25 07:37:58'),
('36','8','Laudantium incidunt doloremque eligendi qui accusamus dolores ut.','Quae eveniet minus quidem omnis aliquid a qui. Fuga sapiente voluptates sit natus. Deleniti exercitationem veritatis ipsam tempore illum sapiente. Aut tempore et molestias nulla maxime dolorem odit.','109','http://www.padberg.com/','http://schuppe.org/','http://www.ledner.com/','763774922.95','2017-10-27 22:30:12','2020-01-03 11:04:48'),
('37','9','Sunt dolorem sed sed ut voluptates molestiae.','Maxime sed delectus assumenda libero quisquam sit. Voluptas distinctio dolore velit cum voluptatibus assumenda commodi. Aut velit ipsa ipsum doloremque.','124','http://emmerich.info/','http://www.sawayn.com/','http://beierherzog.com/','344192.17','2013-05-21 03:09:41','2020-04-07 02:10:59'),
('38','3','Deleniti odio quas magni officia excepturi.','Sit quasi architecto fugiat enim. Nam molestias aut ut ut aliquid aut vitae.','141','http://carter.org/','http://www.oconnell.com/','http://prohaska.com/','1.38','2014-04-28 12:02:35','2019-08-02 09:18:36'),
('39','8','Ab dignissimos nemo placeat dolorum soluta necessitatibus ut eveniet.','Non deleniti in architecto quis saepe. Nobis exercitationem voluptatem dolore in. Impedit neque eum voluptas illum. Enim nihil repellendus et odit eum.','115','http://crookssporer.com/','http://www.hackett.com/','http://www.fay.com/','0.00','2012-12-08 05:20:44','2020-01-19 08:31:36'),
('40','9','Exercitationem omnis quae nesciunt veritatis ut.','Vitae magni porro illum. Enim impedit tempore inventore sunt cum eos fugit.','110','http://schusterdeckow.com/','http://towne.org/','http://www.cartwright.com/','0.00','2010-06-18 19:42:06','2019-08-30 10:23:16'),
('41','7','Ipsam et sed molestiae excepturi ut.','Quod tenetur suscipit quaerat et eveniet eligendi nulla omnis. Ipsa natus provident aut minus vero non. Accusamus aut similique et enim beatae.','117','http://tromp.com/','http://simonis.com/','http://www.haley.com/','47.86','2018-09-04 14:49:10','2020-05-03 00:09:44'),
('42','6','Qui neque eligendi velit hic tempore eum.','Quas sunt incidunt nesciunt dolor. Temporibus sed velit consequatur nihil odio atque. Cum quasi pariatur et magni est adipisci.','118','http://fadel.com/','http://www.brekkemayer.com/','http://beatty.com/','556.47','2012-08-14 02:59:27','2019-05-13 18:37:40'),
('43','8','Sint consequatur debitis voluptate veniam eligendi.','Animi molestias est eum aut distinctio explicabo. Ipsum earum impedit dolores est dolor nam voluptatem. Inventore et esse quo quia quia accusantium. Maxime itaque est dolorem ea sunt odio.','104','http://www.schinnerdietrich.com/','http://trantow.com/','http://www.sanford.info/','576058.96','2019-09-02 22:17:53','2019-12-11 15:33:24'),
('44','10','Dolor hic dicta dignissimos deserunt explicabo sequi.','Cupiditate ut minus saepe voluptas minima. Reiciendis et velit placeat veritatis et pariatur deleniti voluptas. Qui aspernatur autem sunt nostrum dolore esse. Pariatur aliquam quia sapiente omnis.','127','http://pacochastreich.com/','http://grant.info/','http://www.lindgren.com/','449.71','2012-09-05 01:59:53','2020-02-12 17:24:41'),
('45','1','Aut omnis excepturi voluptatem est alias harum.','Labore laborum similique ut et. Fugit quibusdam ut eum rerum sed officiis. Explicabo sed aut consequatur ipsum reiciendis.','108','http://smitham.com/','http://www.abbott.com/','http://www.spinkarempel.info/','41.83','2019-04-03 23:56:11','2020-04-04 20:22:21'),
('46','7','Maxime iusto amet veritatis dolorem tempore et sequi.','Sapiente error vitae omnis qui inventore ad. Nulla dignissimos libero esse explicabo vero. Corrupti suscipit debitis laudantium praesentium veniam voluptatem sint.','139','http://johnston.org/','http://www.jacobspacocha.org/','http://www.pouros.com/','11030612.41','2019-10-21 06:38:59','2019-08-01 15:31:41'),
('47','9','Assumenda est et voluptas ex rerum qui.','Rerum alias blanditiis voluptatem vel. Debitis dolore rem accusamus quaerat. Doloremque qui harum sed saepe sit.','129','http://blanda.com/','http://www.wisoky.info/','http://whitekilback.org/','0.00','2017-03-07 19:52:38','2019-06-29 23:15:16'),
('48','2','Expedita quam tempora corporis sint cum est nihil eligendi.','Et perspiciatis expedita quia nam nulla voluptate voluptas. Suscipit veritatis rem aut aliquam eos. Officiis qui numquam nesciunt unde. Necessitatibus dolore velit autem quis quisquam.','109','http://friesen.net/','http://www.durganweber.net/','http://www.cole.info/','2713453.10','2017-07-22 17:41:47','2019-12-01 04:53:18'),
('49','3','Deleniti ipsam et exercitationem.','Fuga culpa omnis aut. Quidem aut aut cumque modi incidunt quod non rerum. Quo modi magnam ullam sed.','147','http://blockwuckert.com/','http://www.legros.com/','http://christiansen.com/','0.00','2017-10-22 17:23:33','2019-05-09 11:33:29'),
('50','2','Dignissimos sed quis nesciunt iusto tempore eum.','Recusandae omnis eligendi rerum amet. Alias eaque in aliquid ea in inventore ullam. Eligendi perspiciatis animi doloribus. Accusamus laudantium nisi perferendis quia.','101','http://pacochakeebler.com/','http://wunschkeebler.net/','http://www.nadertillman.org/','214215.00','2016-07-07 01:54:36','2020-02-07 02:32:41'),
('51','2','Dicta nisi expedita id ipsam.','Tempora eligendi nihil dicta explicabo amet ducimus totam. Blanditiis rerum eaque autem. Voluptatem temporibus non est aut quam. Provident dolor consequatur rerum nihil. Quasi consequatur est sed rerum necessitatibus est sit.','116','http://dickens.com/','http://altenwerthgutmann.com/','http://www.farrellfritsch.net/','76293580.05','2016-09-27 18:08:48','2020-03-01 14:57:52'),
('52','2','Laboriosam sit non labore.','Quia sed consequatur assumenda et veritatis. Ut aspernatur doloribus illum odio excepturi velit. Placeat ut ut sed asperiores nostrum quidem odio.','117','http://mueller.info/','http://www.bodemueller.com/','http://www.wilderman.com/','1820.36','2013-08-20 04:21:21','2019-08-23 00:22:05'),
('53','8','Provident quis veritatis nostrum sit amet.','Blanditiis officia incidunt dolorum explicabo. Assumenda quidem excepturi quia distinctio. Quia repellendus assumenda consequatur accusantium hic vero ipsa. Unde vel sit omnis accusamus tempora.','133','http://parkervandervort.info/','http://marvindach.com/','http://kilback.com/','32981880.09','2014-06-29 02:39:03','2020-01-31 14:05:24'),
('54','10','Ex magnam odit consequatur excepturi eaque.','Excepturi soluta iusto animi et deleniti. Optio sed voluptatum et voluptatum. Ut ab quos pariatur necessitatibus unde minus.','138','http://www.howe.com/','http://flatley.info/','http://www.oberbrunnergrady.org/','273421088.57','2011-03-16 08:20:11','2020-03-15 07:57:01'),
('55','3','Velit voluptas repellendus qui odio iure.','Ullam aliquam consectetur aliquam harum. Tempore illo id perspiciatis voluptas et. Saepe harum sed debitis minus dolor est. Sequi veritatis voluptates qui ratione in aut dolores quia.','143','http://www.durgan.com/','http://tromp.biz/','http://oharahickle.com/','0.80','2015-01-23 01:50:01','2020-01-27 03:14:49'),
('56','5','Atque ipsa perferendis omnis quis quia quam harum est.','Architecto odit aut et autem. Exercitationem quidem reiciendis eius voluptatibus ut porro. Suscipit ea quia laboriosam sit iste numquam dicta.','114','http://www.stokescorwin.com/','http://www.morar.com/','http://leuschkemoen.com/','67888848.13','2013-07-21 09:19:11','2019-08-10 02:27:15'),
('57','7','Magni rerum occaecati et dolores inventore.','Aspernatur quia nemo illo voluptas autem eveniet. Labore repellendus ducimus a voluptatem sunt. Voluptatem necessitatibus velit nobis voluptas quis voluptas officia.','107','http://marksheaney.com/','http://www.kovacek.com/','http://ullrichwolf.com/','162651.45','2010-07-23 17:51:22','2019-08-11 10:41:36'),
('58','6','Exercitationem quisquam quis vel neque rerum id.','Iusto dolorem porro amet perspiciatis nihil. Dolores totam itaque quisquam quis nulla fugiat suscipit enim. Quidem et doloremque blanditiis natus nihil non fugiat corporis. Qui ullam necessitatibus repellat rerum aut.','124','http://www.hermistonkub.com/','http://www.christiansen.net/','http://www.white.com/','171.06','2012-05-26 06:03:11','2019-07-01 18:00:02'),
('59','5','Nobis magni repellendus ut laborum aut necessitatibus necessitatibus.','Possimus et sed est perspiciatis quos libero consequatur. Vitae qui repudiandae aut assumenda. Quidem quisquam quae quia ipsa vel ipsa quia.','116','http://www.hackett.info/','http://heathcote.com/','http://www.kuhlman.com/','5235.22','2010-11-15 01:36:01','2020-01-19 17:06:56'),
('60','9','Voluptas maxime sint repellat excepturi at tempore nesciunt.','Ullam veniam aut aliquam maiores veritatis aut. Ut asperiores sunt architecto ut laudantium maxime. Sit asperiores eum doloremque blanditiis consectetur modi repudiandae recusandae.','104','http://bashirian.org/','http://bartelldibbert.org/','http://www.keebler.com/','17.81','2011-05-29 00:31:41','2019-10-06 03:24:16'),
('61','8','Hic quisquam enim voluptas velit eaque voluptatem vitae.','Nulla amet doloremque omnis blanditiis fugit. Eaque eos et dolore est quo. Corrupti et blanditiis sint explicabo et.','123','http://hahn.com/','http://gerholdborer.com/','http://stokes.info/','47.80','2012-07-07 19:16:52','2019-09-20 22:58:28'),
('62','4','Necessitatibus non id quaerat id ipsum.','Unde sunt perferendis odit et at dolor. Fugit tempore error totam eius quia adipisci. Impedit dicta omnis natus quo aut.','120','http://nader.com/','http://www.von.info/','http://oconnell.com/','3377515.50','2011-05-09 22:00:02','2019-09-11 20:46:51'),
('63','10','Possimus perferendis totam rerum labore praesentium debitis est voluptatem.','Ut et rem velit esse. Ducimus quo aut molestiae minima. Nisi perspiciatis esse mollitia eaque et quis. Non ipsum cum et voluptatibus voluptatem maxime qui.','127','http://www.wyman.com/','http://www.steuberwalsh.com/','http://www.armstrong.org/','2661425.50','2011-07-10 23:15:25','2019-11-01 20:37:49'),
('64','9','Quis ut debitis beatae non aut explicabo dolorum.','Placeat magni quia eum qui quis eos voluptate. Totam in numquam sit in et. Ea id maxime ratione cum voluptatem quisquam sunt. Iure deserunt dolores illo animi sit.','101','http://www.renner.org/','http://balistreriwill.biz/','http://www.streich.com/','1327.26','2014-05-17 01:21:07','2020-01-26 14:46:53'),
('65','5','Voluptatem molestiae nobis et.','Officia quis aliquam aspernatur voluptatem. Sequi culpa dicta impedit recusandae accusantium est et qui. Atque ut ad quo quasi sed.','148','http://www.langosh.com/','http://www.heaney.com/','http://www.hahn.com/','2.90','2013-11-20 21:32:22','2020-03-27 18:34:04'),
('66','7','Qui vel illo officiis itaque repellendus neque aliquam.','Quod veritatis porro repellendus. Soluta aut asperiores distinctio eveniet magni. Dolorem dolores neque repellendus voluptatem saepe optio optio.','133','http://www.borer.biz/','http://wintheiser.org/','http://www.murray.com/','0.00','2013-03-09 06:14:44','2019-06-04 16:44:24'),
('67','4','Natus et est aliquam odio.','Non veniam est aliquid omnis pariatur. Voluptatem ut harum eos laudantium illum. Ut itaque temporibus velit mollitia ut. Impedit maiores suscipit aperiam rerum sapiente hic.','116','http://www.sawayn.com/','http://www.pfannerstill.com/','http://www.murrayfadel.biz/','2.56','2017-05-28 12:59:16','2020-03-24 08:02:17'),
('68','1','Est accusamus non quidem sequi eos aliquid.','Repellat nam doloribus reprehenderit nulla voluptatibus voluptatum facere. Blanditiis doloribus corrupti tempore distinctio. Nisi ipsum qui non numquam et cum nostrum temporibus. Neque sed est commodi et asperiores qui.','113','http://white.biz/','http://colewintheiser.com/','http://darekoelpin.org/','3.00','2020-05-02 21:41:33','2019-11-12 23:20:16'),
('69','3','Et est aut at vel molestiae facere neque.','Nobis voluptatibus quas aperiam iusto non. Dicta omnis nostrum maiores molestias blanditiis. Qui enim mollitia in vel.','117','http://www.kulas.com/','http://www.rath.com/','http://www.boehm.com/','8.98','2017-01-09 06:25:08','2020-02-10 20:22:37'),
('70','10','Ea saepe consectetur possimus veritatis unde velit.','Doloribus et autem qui officiis. Ut dolores autem ut unde quaerat. Numquam qui eligendi fugit.','150','http://www.wiegand.com/','http://www.walshkutch.com/','http://www.ondricka.com/','651242.72','2014-11-11 06:31:09','2019-06-14 09:00:01'),
('71','3','Error a veritatis ut odio earum.','Rerum distinctio veniam necessitatibus ut. Consequatur doloribus est repudiandae eum autem qui in. Eligendi voluptatibus dolore labore vel exercitationem soluta laboriosam.','133','http://www.greenstoltenberg.org/','http://monahanhauck.com/','http://www.howell.com/','116661.17','2015-01-12 13:51:35','2019-05-24 23:28:19'),
('72','9','Id non quam quo aut.','Perferendis ut veritatis magnam nam perspiciatis aut. Doloremque fuga eveniet quod magnam repellat id consequatur. Est sunt et delectus eveniet consequuntur aspernatur.','126','http://jakubowskicruickshank.com/','http://howell.net/','http://www.reichert.com/','408.25','2015-01-18 09:06:50','2020-03-09 10:31:39'),
('73','2','Ad quidem adipisci quia aut.','Cupiditate quisquam repudiandae nihil dignissimos. Quis maxime dolor voluptas. Nam vel possimus eveniet amet.','102','http://www.lynch.info/','http://zemlak.com/','http://rutherford.com/','26.97','2013-08-15 14:10:32','2019-08-08 18:49:13'),
('74','1','Tenetur cum ad non et ex rerum.','Facere quod molestias qui est voluptatem. Expedita impedit sit et eius magni ut. Aut ab hic minima sit fuga voluptatem.','112','http://www.kreigergorczany.biz/','http://www.stiedemannzboncak.net/','http://weissnat.com/','0.00','2013-07-21 00:59:52','2020-04-21 00:39:39'),
('75','2','Dolores ut perspiciatis distinctio numquam consectetur aut.','Totam voluptatem atque et veniam provident. Eaque sint nihil laborum at ut et dolor. Et illum cumque vero sint ad incidunt. Et est blanditiis animi et.','107','http://www.smith.com/','http://www.pacocha.com/','http://www.torphy.net/','2388145.03','2011-08-12 11:29:16','2019-12-09 00:56:49'),
('76','9','Vel dolorem ut fugiat eaque non debitis at qui.','Unde facere sed molestias aliquam sequi modi. Atque sed impedit nostrum distinctio. Qui quisquam enim quia quidem.','144','http://www.greenholt.biz/','http://www.jerde.com/','http://www.gusikowski.biz/','141465577.77','2019-12-09 06:58:43','2019-08-26 02:16:58'),
('77','3','Sit praesentium perferendis dignissimos vel et odit.','Deserunt voluptatum tempore repellat quia impedit illo veritatis explicabo. Dolorem ducimus ratione sequi temporibus sed consequatur.','121','http://www.yundtdenesik.com/','http://christiansen.com/','http://swiftwolff.biz/','16.40','2019-02-04 18:40:28','2020-04-04 01:15:59'),
('78','3','Asperiores minus id cupiditate temporibus enim ut voluptate.','Adipisci atque soluta ut quos. Similique voluptatibus qui ut. Magnam animi reprehenderit et dolor accusantium dolores ut. Et eos aut et omnis eum incidunt totam.','146','http://www.welchhalvorson.com/','http://mcculloughbeahan.com/','http://raynor.com/','1556.46','2019-06-20 17:43:36','2020-02-05 01:02:56'),
('79','7','Dolores commodi saepe ea ad.','Voluptas rerum odio sint minus modi sequi. Reiciendis eum non autem libero porro doloremque. Dolor necessitatibus quis fugiat dolorem et nobis. Voluptas iste aut repudiandae iure excepturi deleniti.','134','http://www.hayessmitham.net/','http://howellthiel.com/','http://wunsch.biz/','26.68','2019-10-08 00:24:10','2020-02-02 08:17:56'),
('80','9','Fugit nihil voluptate labore et qui nesciunt.','Sed doloremque omnis quidem asperiores quae ut. Suscipit occaecati tenetur sunt eum at et aut. Provident eveniet quas ut reiciendis qui hic.','117','http://www.christiansen.org/','http://www.bashirian.info/','http://www.mohr.com/','3496.80','2015-10-09 14:46:57','2019-11-02 20:57:00'),
('81','9','Harum nemo exercitationem nihil omnis.','Ab nisi ducimus asperiores at quo maxime. Sequi aut dolorem iure nostrum corporis. Aut ducimus atque et. Omnis temporibus et est excepturi ducimus sit amet. Laborum animi et voluptas qui totam.','132','http://boehmweimann.biz/','http://oconnerlebsack.org/','http://www.rogahn.com/','1547.50','2019-04-25 06:30:31','2020-01-06 03:29:51'),
('82','9','Et illum dignissimos qui eum animi.','Omnis voluptas qui voluptatem id expedita quis. Qui cum ut perferendis. Totam dolorem occaecati fugit eos nesciunt quia.','101','http://beckercremin.info/','http://murazikborer.com/','http://collins.com/','137872975.42','2016-03-19 14:36:20','2020-03-24 22:49:27'),
('83','8','Necessitatibus magni quidem blanditiis earum sit dicta nostrum quod.','Iusto assumenda animi et dolores repudiandae. Praesentium labore pariatur veniam optio. Accusantium recusandae libero earum nobis. Non at temporibus reiciendis qui. At aut est quidem corporis necessitatibus.','139','http://sporerbruen.biz/','http://www.schadenauer.net/','http://hoeger.com/','9855003.36','2014-06-19 04:23:09','2019-05-12 12:10:42'),
('84','9','Dolore nesciunt ut velit in sunt.','Et rerum consequatur sapiente voluptatum sit necessitatibus est. Veniam quo animi sunt ut voluptates sed. Delectus doloribus libero nisi. Sit modi corporis tempore et. Itaque dolorem quidem voluptate est sapiente omnis ipsam.','126','http://bashirian.biz/','http://www.brekkebode.com/','http://www.hauck.com/','0.00','2016-07-16 19:40:39','2019-10-09 18:46:55'),
('85','1','Optio ab optio omnis doloremque culpa est.','Voluptatem cum blanditiis ipsum a. Dolor architecto quis tempora eius in.','133','http://www.stamm.com/','http://www.lockmanleannon.com/','http://www.kub.com/','10.17','2010-07-21 09:26:35','2019-08-06 13:25:30'),
('86','8','Sunt ut maiores aperiam modi harum.','Maxime deserunt nam et eos eaque. Magnam neque expedita quas debitis quam. Modi et esse fugiat quis incidunt. Et est pariatur qui labore ipsam eaque.','132','http://www.hamill.biz/','http://www.hellerzboncak.net/','http://www.waelchi.com/','2311.49','2020-02-05 23:34:14','2019-05-09 21:09:00'),
('87','4','Minus voluptas omnis totam magnam quos aut explicabo.','Saepe voluptatem id vitae ab consectetur quos vel. Possimus est fugiat et ipsam quis autem consequatur. Nam et et sunt perspiciatis.','150','http://www.howe.com/','http://www.tromp.net/','http://bode.com/','67202590.00','2015-12-08 00:24:54','2020-04-25 23:08:37'),
('88','2','Omnis blanditiis dolor eligendi repudiandae enim harum error.','Quas fugit aliquid in earum saepe eius. Quae ut nulla veritatis. Impedit et magnam odit saepe perspiciatis hic dolores.','138','http://www.altenwerth.com/','http://www.schuppe.net/','http://hamill.com/','26.30','2014-07-15 04:24:35','2020-04-29 05:01:37'),
('89','1','Illo facilis dolores accusantium aspernatur dolorem atque.','Ipsam voluptatum maxime vel itaque. Sint deserunt est ea aut. Autem voluptates illum facere.','145','http://www.grant.info/','http://www.kassulkemoen.net/','http://hudson.biz/','90.98','2016-05-14 12:08:24','2020-04-10 09:57:32'),
('90','10','Earum aspernatur et inventore et unde.','Eum necessitatibus perspiciatis numquam beatae debitis. Veniam aut doloribus dolores quia. Voluptatem asperiores iure rem architecto.','121','http://www.hillshammes.com/','http://darestoltenberg.com/','http://www.walterdare.net/','760858.00','2018-04-16 03:19:06','2019-07-27 07:51:54'),
('91','9','Recusandae adipisci accusantium porro sunt et consequuntur.','Nostrum nesciunt ut ut labore quidem ipsa. Et delectus saepe neque veniam aut ut facere. Eligendi omnis sunt laboriosam quibusdam debitis vero vero.','121','http://ward.org/','http://www.senger.com/','http://kassulke.info/','2.10','2011-06-19 12:22:36','2019-07-10 01:53:19'),
('92','8','Quidem quam repudiandae et.','Blanditiis sint expedita dolore natus. Asperiores et sed veniam officia provident velit magni. Minima ut est est labore voluptate esse maiores sit. Amet esse optio et et repudiandae qui.','143','http://www.purdy.biz/','http://pollich.com/','http://www.buckridgegoyette.com/','722.41','2012-01-30 09:10:10','2019-07-14 19:15:25'),
('93','4','Rerum rerum animi quasi rerum ea rerum molestiae error.','Ut quam voluptatem et facilis aut autem. Possimus ad earum rerum accusamus exercitationem. Labore ad iure velit voluptate nam in. Maiores provident voluptate nostrum.','109','http://www.hamill.net/','http://www.parisianwiegand.net/','http://hand.com/','2390610.26','2013-07-25 20:08:26','2019-08-28 02:32:23'),
('94','10','Assumenda eaque velit consequatur sapiente ratione quis ut.','Et alias tenetur explicabo id. Perspiciatis sint quia voluptates sit consequatur cumque impedit. Fugiat quia molestias odit numquam dolor.','119','http://www.stoltenberg.net/','http://simonis.net/','http://www.bosco.info/','744.44','2016-07-03 08:53:50','2019-06-14 14:19:35'),
('95','1','Optio aspernatur rem eligendi iure quisquam qui dolore.','Atque nisi id ea maxime est. Ab repellendus soluta quibusdam enim assumenda est maiores saepe. Vel tempora nihil et doloremque eaque voluptatem praesentium. Sequi voluptas ut maxime quasi ut nam doloremque et.','111','http://www.wilderman.com/','http://zboncak.net/','http://www.ondricka.org/','35.98','2016-06-27 08:32:08','2019-06-18 15:01:53'),
('96','2','Rerum aliquam maxime exercitationem ut.','Neque eligendi voluptatem ut ut corrupti accusamus et. Debitis deserunt voluptas nostrum quidem sint saepe quibusdam voluptatem.','148','http://www.bernhard.com/','http://www.bayer.com/','http://sanford.biz/','631164.97','2014-12-18 04:14:22','2020-03-15 05:40:29'),
('97','6','Libero eius cumque laborum praesentium quo.','Eaque sunt expedita voluptate excepturi non. Tempore eum incidunt explicabo voluptas. Quo nostrum voluptate eos qui. Eum quasi itaque vero sint a culpa.','120','http://www.blockswaniawski.com/','http://mooremurray.info/','http://thompson.info/','178.03','2013-12-30 16:12:38','2019-08-31 14:30:04'),
('98','4','Qui accusamus consequatur quis iure est mollitia.','Et ab occaecati accusamus ex dolorum provident. Aut repellendus voluptatem voluptatem quasi libero possimus eum. Quod animi nihil dolor ad voluptates magni debitis.','109','http://www.stracke.com/','http://www.feilking.org/','http://www.ohara.com/','524.24','2014-03-13 02:30:08','2019-12-03 21:39:24'),
('99','7','Nemo est sed laboriosam velit ut nihil.','Soluta dolor commodi ut laboriosam. Vitae eos dolorem voluptatem tempora accusamus. Dolores nisi et quod et in sapiente. Qui non et rerum occaecati quia ea aspernatur praesentium.','144','http://www.towne.com/','http://bergstrom.net/','http://www.kautzer.com/','3051.59','2011-09-29 04:00:32','2019-05-12 12:08:59'),
('100','9','Pariatur nemo corporis iure neque et commodi fuga.','Cupiditate et voluptatem aut. Vel quasi modi necessitatibus dignissimos et aliquam quis et. Possimus nihil praesentium dolores ut. Non eos ducimus saepe nulla magni et neque voluptatem. Vel enim nulla animi eos voluptate ducimus ea.','133','http://kilback.com/','http://www.lebsack.org/','http://www.west.com/','10811378.00','2014-06-12 11:49:20','2019-07-20 08:37:26');


INSERT INTO orders VALUES
('1','32','2','90','20.00','2','officiis','2019-08-28 01:40:13','2019-10-08 16:41:31'),
('2','4','5','16','10.00','1','corrupti','2020-03-04 01:56:54','2019-10-02 22:27:38'),
('3','39','8','19','5.00','1','voluptatem','2019-09-21 10:32:58','2019-08-04 18:04:42'),
('4','32','8','132','3.00','2','illo','2020-02-12 05:41:55','2019-08-15 23:24:14'),
('5','30','5','14','5.00','1','quo','2020-02-18 06:35:20','2019-11-11 04:59:58'),
('6','5','3','193','3.00','2','dignissimos','2019-08-31 04:11:14','2019-11-08 07:30:51'),
('7','3','4','80','10.00','1','et','2019-10-19 09:24:08','2020-03-15 04:11:54'),
('8','27','6','130','20.00','1','earum','2020-01-09 12:39:14','2019-12-04 18:13:01'),
('9','28','4','88','15.00','2','beatae','2020-03-23 15:07:51','2019-09-24 20:01:29'),
('10','15','3','86','5.00','1','molestiae','2019-08-31 18:27:10','2020-01-01 10:22:16'),
('11','13','5','179','5.00','1','porro','2019-08-15 23:26:37','2020-02-19 07:03:29'),
('12','21','7','25','3.00','2','sint','2019-05-11 20:54:21','2019-09-15 12:34:57'),
('13','18','5','196','3.00','1','nobis','2019-08-29 21:58:29','2019-07-12 02:09:05'),
('14','33','2','140','5.00','2','id','2019-12-19 05:27:36','2020-03-10 14:10:31'),
('15','38','5','185','10.00','2','quas','2019-11-07 19:50:20','2019-05-11 09:06:21'),
('16','7','9','49','10.00','2','soluta','2020-04-28 08:50:01','2019-10-27 17:03:14'),
('17','32','4','61','3.00','1','nulla','2019-11-02 00:17:06','2019-09-04 12:12:04'),
('18','9','1','52','20.00','2','vero','2020-02-11 03:58:37','2019-11-10 12:47:10'),
('19','7','10','22','3.00','1','et','2020-01-29 18:05:49','2019-08-24 05:10:02'),
('20','27','8','19','3.00','2','pariatur','2020-01-27 22:15:37','2019-09-10 23:11:38');

