-- MySQL dump 10.13  Distrib 8.0.19, for Linux (x86_64)
--
-- Host: localhost    Database: vk
-- ------------------------------------------------------
-- Server version	8.0.19

/*!40101 SET @OLD_CHARACTER_SET_CLIENT=@@CHARACTER_SET_CLIENT */;
/*!40101 SET @OLD_CHARACTER_SET_RESULTS=@@CHARACTER_SET_RESULTS */;
/*!40101 SET @OLD_COLLATION_CONNECTION=@@COLLATION_CONNECTION */;
/*!50503 SET NAMES utf8mb4 */;
/*!40103 SET @OLD_TIME_ZONE=@@TIME_ZONE */;
/*!40103 SET TIME_ZONE='+00:00' */;
/*!40014 SET @OLD_UNIQUE_CHECKS=@@UNIQUE_CHECKS, UNIQUE_CHECKS=0 */;
/*!40014 SET @OLD_FOREIGN_KEY_CHECKS=@@FOREIGN_KEY_CHECKS, FOREIGN_KEY_CHECKS=0 */;
/*!40101 SET @OLD_SQL_MODE=@@SQL_MODE, SQL_MODE='NO_AUTO_VALUE_ON_ZERO' */;
/*!40111 SET @OLD_SQL_NOTES=@@SQL_NOTES, SQL_NOTES=0 */;

--
-- Table structure for table `communities`
--

DROP TABLE IF EXISTS `communities`;
/*!40101 SET @saved_cs_client     = @@character_set_client */;
/*!50503 SET character_set_client = utf8mb4 */;
CREATE TABLE `communities` (
  `id` int unsigned NOT NULL AUTO_INCREMENT,
  `name` varchar(150) CHARACTER SET utf8 COLLATE utf8_unicode_ci NOT NULL,
  PRIMARY KEY (`id`),
  UNIQUE KEY `name` (`name`)
) ENGINE=InnoDB AUTO_INCREMENT=101 DEFAULT CHARSET=utf8 COLLATE=utf8_unicode_ci;
/*!40101 SET character_set_client = @saved_cs_client */;

--
-- Dumping data for table `communities`
--

LOCK TABLES `communities` WRITE;
/*!40000 ALTER TABLE `communities` DISABLE KEYS */;
INSERT INTO `communities` VALUES (1,'aperiam'),(8,'atque'),(11,'dolorem'),(16,'dolores'),(12,'eius'),(6,'et'),(2,'explicabo'),(3,'hic'),(18,'ipsa'),(15,'laudantium'),(10,'natus'),(17,'officia'),(14,'omnis'),(13,'quis'),(20,'rerum'),(19,'sed'),(5,'similique'),(9,'unde'),(4,'ut'),(7,'voluptatibus');
/*!40000 ALTER TABLE `communities` ENABLE KEYS */;
UNLOCK TABLES;

--
-- Table structure for table `communities_users`
--

DROP TABLE IF EXISTS `communities_users`;
/*!40101 SET @saved_cs_client     = @@character_set_client */;
/*!50503 SET character_set_client = utf8mb4 */;
CREATE TABLE `communities_users` (
  `community_id` int unsigned NOT NULL,
  `user_id` int unsigned NOT NULL,
  PRIMARY KEY (`community_id`,`user_id`)
) ENGINE=InnoDB DEFAULT CHARSET=utf8 COLLATE=utf8_unicode_ci;
/*!40101 SET character_set_client = @saved_cs_client */;

--
-- Dumping data for table `communities_users`
--

LOCK TABLES `communities_users` WRITE;
/*!40000 ALTER TABLE `communities_users` DISABLE KEYS */;
INSERT INTO `communities_users` VALUES (1,38),(1,59),(2,7),(2,32),(2,99),(3,15),(3,33),(3,36),(3,43),(3,45),(4,27),(5,4),(5,10),(5,16),(5,17),(5,21),(5,29),(5,60),(5,66),(5,78),(5,93),(5,98),(6,4),(6,17),(6,33),(6,35),(6,65),(7,58),(7,82),(8,14),(8,18),(8,27),(8,34),(8,59),(8,93),(9,10),(9,33),(9,62),(9,83),(10,29),(10,31),(10,33),(10,51),(10,53),(10,70),(10,88),(10,91),(10,95),(11,8),(11,37),(11,78),(11,98),(12,52),(12,74),(12,97),(13,7),(13,9),(13,12),(13,41),(13,54),(13,58),(13,87),(14,45),(14,55),(14,63),(14,72),(14,73),(15,11),(15,25),(15,28),(15,46),(15,55),(15,68),(15,70),(15,72),(15,73),(15,76),(15,86),(15,96),(15,99),(16,35),(16,51),(16,52),(16,55),(16,100),(17,61),(17,76),(18,11),(18,81),(19,2),(19,20),(19,39),(19,50),(19,57),(20,38),(20,45),(20,48),(20,72),(20,84),(20,93);
/*!40000 ALTER TABLE `communities_users` ENABLE KEYS */;
UNLOCK TABLES;

--
-- Table structure for table `friendship`
--

DROP TABLE IF EXISTS `friendship`;
/*!40101 SET @saved_cs_client     = @@character_set_client */;
/*!50503 SET character_set_client = utf8mb4 */;
CREATE TABLE `friendship` (
  `user_id` int unsigned NOT NULL,
  `friend_id` int unsigned NOT NULL,
  `status_id` int unsigned NOT NULL,
  `requested_at` datetime DEFAULT CURRENT_TIMESTAMP,
  `confirmed_at` datetime DEFAULT NULL,
  PRIMARY KEY (`user_id`,`friend_id`)
) ENGINE=InnoDB DEFAULT CHARSET=utf8 COLLATE=utf8_unicode_ci;
/*!40101 SET character_set_client = @saved_cs_client */;

--
-- Dumping data for table `friendship`
--

LOCK TABLES `friendship` WRITE;
/*!40000 ALTER TABLE `friendship` DISABLE KEYS */;
INSERT INTO `friendship` VALUES (1,63,3,'2013-12-23 12:20:27','2020-03-25 09:01:43'),(3,3,2,'2019-04-15 15:40:54','2020-03-21 11:04:48'),(3,62,3,'2011-06-19 03:37:27','2020-03-13 11:04:57'),(3,87,3,'2017-11-30 16:01:08','2020-03-12 20:52:59'),(4,7,3,'2011-06-07 12:10:20','2020-03-21 19:03:52'),(4,87,2,'2018-01-18 16:17:08','2020-03-16 22:14:54'),(6,39,1,'2014-07-08 12:18:41','2020-03-19 08:26:12'),(7,82,1,'2017-03-30 11:17:49','2020-03-26 08:53:14'),(7,84,1,'2015-09-18 21:56:33','2020-03-16 14:04:18'),(7,92,3,'2019-04-10 10:53:00','2020-03-19 02:02:53'),(8,55,2,'2018-02-28 17:06:18','2020-03-23 21:37:28'),(8,89,1,'2018-09-04 18:50:51','2020-03-04 11:03:13'),(8,98,1,'2017-04-20 03:44:20','2020-03-09 17:52:18'),(9,3,3,'2013-05-19 21:54:03','2020-03-19 12:54:59'),(10,14,2,'2010-05-01 22:06:56','2020-03-24 20:02:09'),(10,17,1,'2013-12-21 05:26:52','2020-03-03 00:12:46'),(10,47,1,'2011-11-21 01:04:21','2020-03-24 14:49:49'),(10,88,2,'2013-10-19 19:01:46','2020-03-18 06:44:39'),(12,16,3,'2019-06-22 01:28:37','2020-03-19 13:19:24'),(12,94,2,'2015-07-31 14:48:17','2020-03-06 08:45:02'),(15,60,2,'2014-09-27 04:22:06','2020-03-27 07:00:29'),(16,59,2,'2010-10-31 13:48:51','2020-03-19 14:50:41'),(17,81,3,'2015-02-19 06:57:46','2020-03-04 01:59:07'),(18,14,2,'2012-03-11 20:14:06','2020-03-20 15:29:17'),(20,17,3,'2018-06-11 00:47:55','2020-03-21 01:18:20'),(21,55,3,'2013-10-01 00:02:05','2020-03-01 16:10:41'),(22,91,3,'2016-03-14 07:44:36','2020-03-10 17:55:19'),(24,79,1,'2014-06-06 00:48:50','2020-03-20 17:19:06'),(24,84,2,'2013-07-13 10:59:50','2020-03-05 11:54:19'),(24,96,2,'2011-07-02 17:45:28','2020-03-09 23:20:15'),(25,32,2,'2018-07-20 13:19:16','2020-03-18 03:28:10'),(27,52,1,'2017-12-13 09:12:19','2020-03-03 13:33:03'),(27,70,2,'2019-03-16 14:45:32','2020-03-23 08:20:56'),(29,68,1,'2016-02-04 17:46:49','2020-03-06 23:21:17'),(30,90,1,'2015-01-05 02:26:37','2020-03-26 16:38:35'),(31,57,3,'2010-10-12 19:50:47','2020-03-12 23:37:50'),(36,28,2,'2015-05-04 16:05:28','2020-03-07 21:55:42'),(37,56,3,'2015-08-28 21:55:34','2020-03-13 23:36:45'),(38,32,2,'2015-05-23 10:00:11','2020-03-13 16:40:44'),(40,45,3,'2011-07-18 18:56:09','2020-03-27 00:58:36'),(40,99,2,'2011-07-02 14:16:34','2020-03-04 08:01:17'),(41,65,3,'2010-10-03 23:41:33','2020-03-06 20:59:04'),(42,28,2,'2015-10-25 12:03:26','2020-03-26 21:05:59'),(42,88,1,'2016-07-12 09:32:43','2020-03-27 17:37:42'),(43,14,3,'2019-04-02 08:24:41','2020-03-20 13:30:40'),(43,93,1,'2020-03-01 15:35:04','2020-03-08 02:31:16'),(45,50,1,'2017-08-20 09:41:45','2020-03-13 23:53:20'),(46,94,2,'2019-06-09 16:01:13','2020-03-21 14:06:08'),(47,92,1,'2012-01-31 15:32:47','2020-03-08 02:15:16'),(51,5,3,'2013-06-16 04:11:08','2020-03-20 13:13:48'),(51,78,2,'2014-05-19 14:46:15','2020-03-11 05:28:00'),(52,21,2,'2018-10-26 11:51:16','2020-03-21 22:40:44'),(52,24,1,'2011-04-18 08:12:10','2020-03-03 10:46:39'),(53,79,2,'2015-10-06 19:08:00','2020-03-18 12:49:30'),(55,6,2,'2011-10-12 00:00:44','2020-03-09 06:07:13'),(56,86,2,'2018-12-21 02:33:00','2020-03-07 12:30:34'),(57,7,3,'2012-11-18 19:30:30','2020-03-08 16:43:30'),(57,25,2,'2012-07-29 18:50:06','2020-03-02 19:02:06'),(57,87,3,'2018-01-27 23:24:37','2020-03-02 08:43:13'),(58,72,1,'2012-07-31 01:02:23','2020-03-16 18:24:48'),(59,23,2,'2012-06-26 07:05:14','2020-03-04 13:17:20'),(61,59,1,'2014-02-22 07:13:29','2020-03-07 18:34:10'),(61,99,1,'2018-01-08 15:18:26','2020-03-19 12:52:44'),(62,8,2,'2015-11-10 05:59:54','2020-03-25 22:57:28'),(62,14,2,'2013-04-07 09:59:23','2020-03-11 19:21:58'),(63,7,3,'2012-06-01 20:59:46','2020-03-01 09:17:00'),(64,3,2,'2015-05-12 14:11:04','2020-03-22 20:53:49'),(66,97,1,'2010-09-01 21:25:43','2020-03-21 02:53:02'),(67,30,1,'2020-03-21 15:46:52','2020-03-03 17:21:08'),(67,32,2,'2015-01-23 22:55:32','2020-03-12 07:36:37'),(67,44,2,'2016-03-09 21:22:30','2020-03-12 15:14:07'),(70,1,1,'2014-07-12 07:14:34','2020-03-13 22:58:00'),(70,83,3,'2015-02-18 01:21:07','2020-03-17 22:21:15'),(71,34,3,'2016-07-04 02:13:27','2020-03-17 04:39:31'),(71,48,3,'2017-03-22 22:27:06','2020-03-14 06:02:13'),(71,88,2,'2011-07-25 03:10:51','2020-03-02 12:00:20'),(73,14,3,'2013-08-27 20:01:57','2020-03-04 14:19:31'),(73,38,3,'2010-08-20 00:28:02','2020-03-01 14:02:13'),(74,39,3,'2012-09-11 20:19:42','2020-03-13 09:32:20'),(78,85,3,'2018-11-14 05:51:23','2020-03-01 17:57:26'),(79,51,3,'2017-05-13 13:38:35','2020-03-20 09:27:16'),(82,54,3,'2013-07-29 11:05:28','2020-03-03 07:13:54'),(82,60,1,'2011-09-19 11:29:56','2020-03-06 15:27:09'),(82,69,1,'2019-11-06 00:56:23','2020-03-28 13:33:55'),(82,73,3,'2011-05-04 18:51:33','2020-03-11 18:37:48'),(85,12,3,'2015-02-10 21:33:31','2020-03-14 01:04:17'),(86,5,1,'2011-03-08 06:43:24','2020-03-15 04:28:03'),(87,7,1,'2013-03-28 22:28:42','2020-03-24 06:39:55'),(87,9,2,'2010-06-24 17:59:45','2020-03-12 20:36:56'),(87,84,1,'2011-03-31 01:01:20','2020-03-16 01:40:28'),(89,100,2,'2013-09-21 10:57:59','2020-03-06 08:12:33'),(92,8,3,'2017-02-16 06:11:04','2020-03-23 12:44:36'),(96,46,3,'2019-03-28 16:32:50','2020-03-04 07:29:07'),(97,19,3,'2011-07-12 04:32:20','2020-03-07 22:03:13'),(97,29,1,'2013-12-29 11:08:32','2020-03-07 09:35:57'),(98,51,1,'2018-03-27 04:46:09','2020-03-04 10:10:36'),(98,73,1,'2012-04-09 18:51:24','2020-03-18 01:21:12'),(98,99,2,'2014-01-17 23:17:51','2020-03-05 11:00:07'),(100,57,1,'2013-08-21 03:21:43','2020-03-08 18:18:09'),(100,84,1,'2017-01-11 02:35:12','2020-03-08 17:27:40');
/*!40000 ALTER TABLE `friendship` ENABLE KEYS */;
UNLOCK TABLES;

--
-- Table structure for table `friendship_statuses`
--

DROP TABLE IF EXISTS `friendship_statuses`;
/*!40101 SET @saved_cs_client     = @@character_set_client */;
/*!50503 SET character_set_client = utf8mb4 */;
CREATE TABLE `friendship_statuses` (
  `id` int unsigned NOT NULL AUTO_INCREMENT,
  `name` varchar(150) CHARACTER SET utf8 COLLATE utf8_unicode_ci NOT NULL,
  PRIMARY KEY (`id`),
  UNIQUE KEY `name` (`name`)
) ENGINE=InnoDB DEFAULT CHARSET=utf8 COLLATE=utf8_unicode_ci;
/*!40101 SET character_set_client = @saved_cs_client */;

--
-- Dumping data for table `friendship_statuses`
--

LOCK TABLES `friendship_statuses` WRITE;
/*!40000 ALTER TABLE `friendship_statuses` DISABLE KEYS */;
/*!40000 ALTER TABLE `friendship_statuses` ENABLE KEYS */;
UNLOCK TABLES;

--
-- Table structure for table `media`
--

DROP TABLE IF EXISTS `media`;
/*!40101 SET @saved_cs_client     = @@character_set_client */;
/*!50503 SET character_set_client = utf8mb4 */;
CREATE TABLE `media` (
  `id` int unsigned NOT NULL AUTO_INCREMENT,
  `media_type_id` int unsigned NOT NULL,
  `user_id` int unsigned NOT NULL,
  `file_path` varchar(255) CHARACTER SET utf8 COLLATE utf8_unicode_ci NOT NULL,
  `size` int NOT NULL,
  `metadata` json DEFAULT NULL,
  `created_at` datetime DEFAULT CURRENT_TIMESTAMP,
  `updated_at` datetime DEFAULT CURRENT_TIMESTAMP ON UPDATE CURRENT_TIMESTAMP,
  PRIMARY KEY (`id`)
) ENGINE=InnoDB AUTO_INCREMENT=101 DEFAULT CHARSET=utf8 COLLATE=utf8_unicode_ci;
/*!40101 SET character_set_client = @saved_cs_client */;

--
-- Dumping data for table `media`
--

LOCK TABLES `media` WRITE;
/*!40000 ALTER TABLE `media` DISABLE KEYS */;
INSERT INTO `media` VALUES (1,2,1,'https://dropbox.com/vk/file_2454.jpg',9024659,'{\"owner\": \"Nya Goodwin\"}','2014-10-24 16:49:04','2020-04-02 17:10:50'),(2,1,2,'https://dropbox.com/vk/file_1528.jpg',3512140,'{\"owner\": \"Murphy Batz\"}','2010-10-26 04:16:12','2020-04-02 17:10:50'),(3,2,3,'https://dropbox.com/vk/file_275.jpg',386623,'{\"owner\": \"Cole Konopelski\"}','2016-12-03 11:09:03','2020-04-02 17:10:50'),(4,2,4,'https://dropbox.com/vk/file_6689.jpg',1296597,'{\"owner\": \"Sonya Abernathy\"}','2012-08-21 12:08:12','2020-04-02 17:10:50'),(5,1,5,'https://dropbox.com/vk/file_2923.jpg',5223116,'{\"owner\": \"Carroll Russel\"}','2018-07-31 03:36:58','2020-04-02 17:10:50'),(6,3,6,'https://dropbox.com/vk/file_4447.jpg',2125996,'{\"owner\": \"Ulices Stroman\"}','2019-05-08 20:14:30','2020-04-02 17:10:50'),(7,2,7,'https://dropbox.com/vk/file_3567.jpg',4860531,'{\"owner\": \"Isabell Gusikowski\"}','2014-07-21 05:24:25','2020-04-02 17:10:50'),(8,1,8,'https://dropbox.com/vk/file_4495.jpg',7824770,'{\"owner\": \"Ivory Corwin\"}','2017-03-05 07:24:53','2020-04-02 17:10:50'),(9,3,9,'https://dropbox.com/vk/file_1872.jpg',4442460,'{\"owner\": \"Harmony Mante\"}','2012-10-07 14:58:41','2020-04-02 17:10:50'),(10,1,10,'https://dropbox.com/vk/file_5774.jpg',8637892,'{\"owner\": \"Gertrude Botsford\"}','2012-03-09 22:14:35','2020-04-02 17:10:50'),(11,3,11,'https://dropbox.com/vk/file_3457.jpg',9762282,'{\"owner\": \"Bette Ward\"}','2011-06-21 11:54:14','2020-04-02 17:10:50'),(12,2,12,'https://dropbox.com/vk/file_9863.jpg',2797939,'{\"owner\": \"Albertha Champlin\"}','2017-05-26 21:15:32','2020-04-02 17:10:50'),(13,1,13,'https://dropbox.com/vk/file_9243.jpg',4602649,'{\"owner\": \"Heber Franecki\"}','2014-09-21 04:06:54','2020-04-02 17:10:50'),(14,2,14,'https://dropbox.com/vk/file_6729.jpg',4519532,'{\"owner\": \"Krystina Toy\"}','2013-11-24 17:56:05','2020-04-02 17:10:50'),(15,1,15,'https://dropbox.com/vk/file_5914.jpg',8689716,'{\"owner\": \"Kole Boehm\"}','2011-08-19 11:56:23','2020-04-02 17:10:50'),(16,2,16,'https://dropbox.com/vk/file_9383.jpg',9790185,'{\"owner\": \"Mayra Dare\"}','2019-11-24 17:13:01','2020-04-02 17:10:50'),(17,1,17,'https://dropbox.com/vk/file_9376.jpg',2781981,'{\"owner\": \"Tre Bergstrom\"}','2020-01-18 06:46:19','2020-04-02 17:10:50'),(18,1,18,'https://dropbox.com/vk/file_8831.jpg',4439151,'{\"owner\": \"Forrest Considine\"}','2018-07-12 01:24:25','2020-04-02 17:10:50'),(19,1,19,'https://dropbox.com/vk/file_6126.jpg',3749914,'{\"owner\": \"Jess Williamson\"}','2018-05-30 05:11:33','2020-04-02 17:10:50'),(20,3,20,'https://dropbox.com/vk/file_4137.jpg',5332120,'{\"owner\": \"Silas Bosco\"}','2014-07-16 06:31:52','2020-04-02 17:10:50'),(21,1,21,'https://dropbox.com/vk/file_2305.jpg',5310959,'{\"owner\": \"Adrianna Auer\"}','2017-06-14 18:27:16','2020-04-02 17:10:50'),(22,3,22,'https://dropbox.com/vk/file_9016.jpg',458537,'{\"owner\": \"Eugene Beer\"}','2018-04-17 22:48:49','2020-04-02 17:10:50'),(23,2,23,'https://dropbox.com/vk/file_8464.jpg',6259609,'{\"owner\": \"Jada White\"}','2014-11-18 13:52:39','2020-04-02 17:10:50'),(24,2,24,'https://dropbox.com/vk/file_5373.jpg',9822636,'{\"owner\": \"Katrine Olson\"}','2018-12-18 23:12:50','2020-04-02 17:10:50'),(25,3,25,'https://dropbox.com/vk/file_1472.jpg',234658,'{\"owner\": \"Ashtyn Klocko\"}','2014-02-08 01:23:03','2020-04-02 17:10:50'),(26,2,26,'https://dropbox.com/vk/file_1142.jpg',1605083,'{\"owner\": \"Ferne Huels\"}','2014-11-06 14:45:53','2020-04-02 17:10:50'),(27,3,27,'https://dropbox.com/vk/file_1291.jpg',7221442,'{\"owner\": \"Boris O\'Kon\"}','2016-06-07 02:34:13','2020-04-02 17:10:50'),(28,2,28,'https://dropbox.com/vk/file_3029.jpg',1192264,'{\"owner\": \"Viva Gerlach\"}','2015-09-21 20:38:18','2020-04-02 17:10:50'),(29,3,29,'https://dropbox.com/vk/file_1374.jpg',4196793,'{\"owner\": \"Edythe Nienow\"}','2017-07-08 12:39:40','2020-04-02 17:10:50'),(30,2,30,'https://dropbox.com/vk/file_7680.jpg',7307277,'{\"owner\": \"Doris Weimann\"}','2015-10-29 07:19:53','2020-04-02 17:10:50'),(31,1,31,'https://dropbox.com/vk/file_4583.jpg',3846210,'{\"owner\": \"Vergie Miller\"}','2014-10-14 03:22:07','2020-04-02 17:10:50'),(32,3,32,'https://dropbox.com/vk/file_9771.jpg',7209121,'{\"owner\": \"Cielo Hahn\"}','2018-11-15 08:20:52','2020-04-02 17:10:50'),(33,1,33,'https://dropbox.com/vk/file_5411.jpg',4407177,'{\"owner\": \"Jennie Jast\"}','2019-05-08 23:31:49','2020-04-02 17:10:50'),(34,1,34,'https://dropbox.com/vk/file_7638.jpg',308526,'{\"owner\": \"Beth Halvorson\"}','2012-02-16 02:55:54','2020-04-02 17:10:50'),(35,2,35,'https://dropbox.com/vk/file_2159.jpg',8220898,'{\"owner\": \"Selmer Trantow\"}','2016-07-09 02:47:08','2020-04-02 17:10:50'),(36,2,36,'https://dropbox.com/vk/file_7677.jpg',10079217,'{\"owner\": \"Nicholaus Wolff\"}','2018-03-04 03:12:38','2020-04-02 17:10:50'),(37,1,37,'https://dropbox.com/vk/file_2210.jpg',5633595,'{\"owner\": \"Foster Bartoletti\"}','2012-01-03 02:15:44','2020-04-02 17:10:50'),(38,3,38,'https://dropbox.com/vk/file_7820.jpg',7830223,'{\"owner\": \"Chesley Sawayn\"}','2013-07-03 23:15:06','2020-04-02 17:10:50'),(39,2,39,'https://dropbox.com/vk/file_2769.jpg',2150537,'{\"owner\": \"Francesco Huels\"}','2014-05-08 16:21:30','2020-04-02 17:10:50'),(40,1,40,'https://dropbox.com/vk/file_285.jpg',7161813,'{\"owner\": \"Uriah Schoen\"}','2011-01-18 22:33:17','2020-04-02 17:10:50'),(41,2,41,'https://dropbox.com/vk/file_3016.jpg',9257659,'{\"owner\": \"Jacinthe Hansen\"}','2017-05-01 17:12:47','2020-04-02 17:10:50'),(42,1,42,'https://dropbox.com/vk/file_4325.jpg',4703058,'{\"owner\": \"Jadyn Olson\"}','2015-11-15 16:03:35','2020-04-02 17:10:50'),(43,3,43,'https://dropbox.com/vk/file_2676.jpg',5642214,'{\"owner\": \"Annabelle Wintheiser\"}','2020-03-23 18:51:41','2020-04-02 17:10:50'),(44,2,44,'https://dropbox.com/vk/file_407.jpg',4001998,'{\"owner\": \"Sabrina Dickens\"}','2010-12-22 01:01:12','2020-04-02 17:10:50'),(45,1,45,'https://dropbox.com/vk/file_3906.jpg',2983351,'{\"owner\": \"Camille Stroman\"}','2012-08-13 13:05:53','2020-04-02 17:10:50'),(46,1,46,'https://dropbox.com/vk/file_8408.jpg',2810764,'{\"owner\": \"Verlie Breitenberg\"}','2013-04-17 06:53:51','2020-04-02 17:10:50'),(47,1,47,'https://dropbox.com/vk/file_625.jpg',5003770,'{\"owner\": \"Keely Kerluke\"}','2012-11-05 04:01:35','2020-04-02 17:10:50'),(48,2,48,'https://dropbox.com/vk/file_7599.jpg',6486659,'{\"owner\": \"Gianni Kozey\"}','2013-05-27 07:50:59','2020-04-02 17:10:50'),(49,1,49,'https://dropbox.com/vk/file_6423.jpg',7322086,'{\"owner\": \"Elsie Price\"}','2011-11-07 09:10:25','2020-04-02 17:10:50'),(50,1,50,'https://dropbox.com/vk/file_9318.jpg',7050558,'{\"owner\": \"Isac Schoen\"}','2012-06-02 12:16:29','2020-04-02 17:10:50'),(51,3,51,'https://dropbox.com/vk/file_7522.jpg',3186635,'{\"owner\": \"Abdul Eichmann\"}','2011-06-17 14:19:31','2020-04-02 17:10:50'),(52,3,52,'https://dropbox.com/vk/file_9655.jpg',4681399,'{\"owner\": \"Syble Muller\"}','2010-04-25 12:49:49','2020-04-02 17:10:50'),(53,1,53,'https://dropbox.com/vk/file_5911.jpg',3747196,'{\"owner\": \"Maiya Williamson\"}','2017-05-17 06:13:39','2020-04-02 17:10:50'),(54,2,54,'https://dropbox.com/vk/file_587.jpg',4591785,'{\"owner\": \"Zachary Langworth\"}','2019-07-19 01:39:36','2020-04-02 17:10:50'),(55,2,55,'https://dropbox.com/vk/file_5002.jpg',1617438,'{\"owner\": \"Keely Thiel\"}','2017-10-19 02:09:11','2020-04-02 17:10:50'),(56,3,56,'https://dropbox.com/vk/file_3450.jpg',4211737,'{\"owner\": \"Ashly Sauer\"}','2015-10-04 01:11:49','2020-04-02 17:10:50'),(57,2,57,'https://dropbox.com/vk/file_2245.jpg',6106471,'{\"owner\": \"Dayana Russel\"}','2018-12-27 13:40:31','2020-04-02 17:10:50'),(58,3,58,'https://dropbox.com/vk/file_873.jpg',7797251,'{\"owner\": \"Gerald Dooley\"}','2013-06-22 04:44:11','2020-04-02 17:10:50'),(59,1,59,'https://dropbox.com/vk/file_7530.jpg',567042,'{\"owner\": \"Eldora Dare\"}','2010-09-18 19:03:36','2020-04-02 17:10:50'),(60,3,60,'https://dropbox.com/vk/file_5331.jpg',9343157,'{\"owner\": \"Litzy Okuneva\"}','2012-07-05 05:47:16','2020-04-02 17:10:50'),(61,2,61,'https://dropbox.com/vk/file_4064.jpg',4915066,'{\"owner\": \"Hobart Langworth\"}','2016-01-30 11:30:22','2020-04-02 17:10:50'),(62,1,62,'https://dropbox.com/vk/file_4326.jpg',6445761,'{\"owner\": \"Yasmeen Heathcote\"}','2020-01-06 23:18:42','2020-04-02 17:10:50'),(63,3,63,'https://dropbox.com/vk/file_9437.jpg',7383709,'{\"owner\": \"Maureen Jenkins\"}','2013-03-27 15:21:13','2020-04-02 17:10:50'),(64,3,64,'https://dropbox.com/vk/file_4511.jpg',7481364,'{\"owner\": \"Curtis Zulauf\"}','2012-05-03 11:33:39','2020-04-02 17:10:50'),(65,1,65,'https://dropbox.com/vk/file_4141.jpg',5155795,'{\"owner\": \"Catharine Wisozk\"}','2013-12-23 13:15:54','2020-04-02 17:10:50'),(66,1,66,'https://dropbox.com/vk/file_7172.jpg',3234884,'{\"owner\": \"Eleanora Kutch\"}','2018-05-05 21:25:17','2020-04-02 17:10:50'),(67,3,67,'https://dropbox.com/vk/file_3641.jpg',607040,'{\"owner\": \"Tia Berge\"}','2014-09-03 18:02:06','2020-04-02 17:10:50'),(68,2,68,'https://dropbox.com/vk/file_6585.jpg',3230445,'{\"owner\": \"Vincenza Kessler\"}','2015-03-16 10:46:33','2020-04-02 17:10:50'),(69,1,69,'https://dropbox.com/vk/file_2204.jpg',4231211,'{\"owner\": \"Alia Walsh\"}','2011-05-09 23:34:28','2020-04-02 17:10:50'),(70,1,70,'https://dropbox.com/vk/file_1163.jpg',1364823,'{\"owner\": \"Joel Stroman\"}','2013-04-19 19:31:45','2020-04-02 17:10:50'),(71,3,71,'https://dropbox.com/vk/file_9103.jpg',4030384,'{\"owner\": \"Roselyn Greenfelder\"}','2011-08-19 05:53:06','2020-04-02 17:10:50'),(72,1,72,'https://dropbox.com/vk/file_2430.jpg',5957552,'{\"owner\": \"Lucienne Dicki\"}','2013-04-06 11:58:26','2020-04-02 17:10:50'),(73,2,73,'https://dropbox.com/vk/file_4640.jpg',7596712,'{\"owner\": \"Ottis Herman\"}','2019-05-30 02:38:49','2020-04-02 17:10:50'),(74,2,74,'https://dropbox.com/vk/file_6008.jpg',10011005,'{\"owner\": \"Davonte Kiehn\"}','2013-03-06 05:44:50','2020-04-02 17:10:50'),(75,1,75,'https://dropbox.com/vk/file_6220.jpg',7165095,'{\"owner\": \"Donato Hettinger\"}','2013-05-17 14:45:35','2020-04-02 17:10:50'),(76,2,76,'https://dropbox.com/vk/file_3179.jpg',5692459,'{\"owner\": \"Lizeth Jacobson\"}','2018-10-28 01:32:11','2020-04-02 17:10:50'),(77,1,77,'https://dropbox.com/vk/file_7132.jpg',6867013,'{\"owner\": \"Evan Collins\"}','2015-07-30 17:10:47','2020-04-02 17:10:50'),(78,1,78,'https://dropbox.com/vk/file_6323.jpg',7157791,'{\"owner\": \"Shanel Wuckert\"}','2016-11-10 04:34:59','2020-04-02 17:10:50'),(79,2,79,'https://dropbox.com/vk/file_322.jpg',5088017,'{\"owner\": \"Jewell Cremin\"}','2019-03-10 13:53:29','2020-04-02 17:10:50'),(80,2,80,'https://dropbox.com/vk/file_2437.jpg',3866717,'{\"owner\": \"Percy Brown\"}','2017-11-06 20:35:00','2020-04-02 17:10:50'),(81,2,81,'https://dropbox.com/vk/file_1319.jpg',3969533,'{\"owner\": \"Bulah Mann\"}','2011-08-23 23:51:05','2020-04-02 17:10:50'),(82,2,82,'https://dropbox.com/vk/file_9182.jpg',8147518,'{\"owner\": \"Jeffry Nitzsche\"}','2013-12-23 10:11:21','2020-04-02 17:10:50'),(83,2,83,'https://dropbox.com/vk/file_2358.jpg',8729196,'{\"owner\": \"Cary Mosciski\"}','2017-04-17 09:17:31','2020-04-02 17:10:50'),(84,1,84,'https://dropbox.com/vk/file_4041.jpg',9103527,'{\"owner\": \"Miles McKenzie\"}','2016-10-19 10:58:26','2020-04-02 17:10:50'),(85,2,85,'https://dropbox.com/vk/file_3232.jpg',9230148,'{\"owner\": \"Serena Hoeger\"}','2016-10-24 19:32:39','2020-04-02 17:10:50'),(86,2,86,'https://dropbox.com/vk/file_4037.jpg',8740263,'{\"owner\": \"Micheal Romaguera\"}','2011-10-13 10:06:17','2020-04-02 17:10:50'),(87,3,87,'https://dropbox.com/vk/file_587.jpg',5910975,'{\"owner\": \"Shannon Walsh\"}','2012-06-15 11:52:20','2020-04-02 17:10:50'),(88,1,88,'https://dropbox.com/vk/file_724.jpg',3234088,'{\"owner\": \"Judah VonRueden\"}','2020-01-10 08:49:15','2020-04-02 17:10:50'),(89,3,89,'https://dropbox.com/vk/file_1857.jpg',8337415,'{\"owner\": \"Ernesto Roberts\"}','2019-09-24 22:11:53','2020-04-02 17:10:50'),(90,3,90,'https://dropbox.com/vk/file_7113.jpg',1885116,'{\"owner\": \"Kristoffer Sporer\"}','2014-04-21 19:31:14','2020-04-02 17:10:50'),(91,2,91,'https://dropbox.com/vk/file_295.jpg',4313133,'{\"owner\": \"Mariah D\'Amore\"}','2019-05-12 06:31:15','2020-04-02 17:10:50'),(92,2,92,'https://dropbox.com/vk/file_9834.jpg',5810422,'{\"owner\": \"Brenda Keeling\"}','2013-09-18 21:26:17','2020-04-02 17:10:50'),(93,3,93,'https://dropbox.com/vk/file_8689.jpg',6012813,'{\"owner\": \"Gunner Willms\"}','2011-02-28 22:08:16','2020-04-02 17:10:50'),(94,1,94,'https://dropbox.com/vk/file_4044.jpg',2532901,'{\"owner\": \"Rick Greenholt\"}','2016-10-23 14:05:22','2020-04-02 17:10:50'),(95,1,95,'https://dropbox.com/vk/file_4049.jpg',4525967,'{\"owner\": \"Dameon Macejkovic\"}','2019-09-25 10:03:59','2020-04-02 17:10:50'),(96,3,96,'https://dropbox.com/vk/file_8115.jpg',4931236,'{\"owner\": \"Hailie Goldner\"}','2020-01-16 20:20:58','2020-04-02 17:10:50'),(97,1,97,'https://dropbox.com/vk/file_8629.jpg',978382,'{\"owner\": \"Jorge Carter\"}','2016-01-31 03:27:00','2020-04-02 17:10:50'),(98,1,98,'https://dropbox.com/vk/file_8902.jpg',9998003,'{\"owner\": \"Okey Reichel\"}','2010-05-24 05:12:44','2020-04-02 17:10:50'),(99,3,99,'https://dropbox.com/vk/file_8721.jpg',6955274,'{\"owner\": \"Ebony Stracke\"}','2012-02-03 14:50:04','2020-04-02 17:10:50'),(100,3,100,'https://dropbox.com/vk/file_7000.jpg',4682364,'{\"owner\": \"Kaya Thompson\"}','2010-06-24 08:25:37','2020-04-02 17:10:50');
/*!40000 ALTER TABLE `media` ENABLE KEYS */;
UNLOCK TABLES;

--
-- Table structure for table `media_types`
--

DROP TABLE IF EXISTS `media_types`;
/*!40101 SET @saved_cs_client     = @@character_set_client */;
/*!50503 SET character_set_client = utf8mb4 */;
CREATE TABLE `media_types` (
  `id` int unsigned NOT NULL AUTO_INCREMENT,
  `name` varchar(255) CHARACTER SET utf8 COLLATE utf8_unicode_ci NOT NULL,
  PRIMARY KEY (`id`),
  UNIQUE KEY `name` (`name`)
) ENGINE=InnoDB AUTO_INCREMENT=4 DEFAULT CHARSET=utf8 COLLATE=utf8_unicode_ci;
/*!40101 SET character_set_client = @saved_cs_client */;

--
-- Dumping data for table `media_types`
--

LOCK TABLES `media_types` WRITE;
/*!40000 ALTER TABLE `media_types` DISABLE KEYS */;
INSERT INTO `media_types` VALUES (3,'audio'),(1,'photo'),(2,'video');
/*!40000 ALTER TABLE `media_types` ENABLE KEYS */;
UNLOCK TABLES;

--
-- Table structure for table `messages`
--

DROP TABLE IF EXISTS `messages`;
/*!40101 SET @saved_cs_client     = @@character_set_client */;
/*!50503 SET character_set_client = utf8mb4 */;
CREATE TABLE `messages` (
  `id` int unsigned NOT NULL AUTO_INCREMENT,
  `from_user_id` int unsigned NOT NULL,
  `to_user_id` int unsigned NOT NULL,
  `body` text CHARACTER SET utf8 COLLATE utf8_unicode_ci NOT NULL,
  `is_important` tinyint(1) DEFAULT NULL,
  `is_delivered` tinyint(1) DEFAULT NULL,
  `created_at` datetime DEFAULT CURRENT_TIMESTAMP,
  PRIMARY KEY (`id`)
) ENGINE=InnoDB AUTO_INCREMENT=101 DEFAULT CHARSET=utf8 COLLATE=utf8_unicode_ci;
/*!40101 SET character_set_client = @saved_cs_client */;

--
-- Dumping data for table `messages`
--

LOCK TABLES `messages` WRITE;
/*!40000 ALTER TABLE `messages` DISABLE KEYS */;
INSERT INTO `messages` VALUES (1,50,12,'Et possimus voluptatem consequatur. Velit aspernatur itaque architecto iure vel voluptatem voluptas. Voluptatem in totam repellendus nulla dolor odio expedita.',1,0,'2020-03-23 05:57:41'),(2,7,65,'Itaque in est cum molestiae sed quis ut. Nesciunt soluta sit quas ut rem voluptas.',1,1,'2020-03-11 06:23:24'),(3,91,99,'Magnam odio et ullam rerum. Veritatis explicabo iure quis quis delectus. Voluptatem qui dolorem iure quia eveniet.',0,0,'2020-03-13 19:41:51'),(4,14,56,'Nesciunt mollitia sunt illo enim quia et ut. Iste est necessitatibus adipisci fugit. Omnis facere labore nesciunt aperiam placeat alias cumque. Assumenda et eum adipisci in earum.',0,0,'2020-03-17 19:39:04'),(5,60,60,'Earum repellat dolore rerum debitis ducimus. Maxime ut temporibus architecto eaque. Dolor debitis nesciunt sit blanditiis et ad sunt. Repellat consectetur non laudantium. Non voluptatibus enim officiis harum.',0,1,'2020-03-24 14:30:03'),(6,42,29,'Et reiciendis sequi quaerat reiciendis nesciunt. Aut placeat et enim facere quis itaque. Dolorem animi commodi natus cum et.',1,0,'2020-03-03 09:14:19'),(7,29,28,'Quod iure quisquam quo perferendis vel. Nihil dolores itaque ipsum. Itaque sed voluptatibus nisi sapiente ut voluptates quidem.',0,0,'2020-03-04 11:43:22'),(8,5,85,'Ullam rerum provident odio aut et ipsum. Est suscipit repudiandae unde maxime voluptate quam recusandae. Tenetur sed vel velit distinctio vel quia vel. Officia et atque dolor.',1,0,'2020-03-04 13:09:04'),(9,37,9,'Aliquid non sint quo eveniet voluptatem ut alias. Cumque dolor adipisci corrupti repudiandae sint voluptas mollitia tempore. Deleniti delectus ad consequatur aperiam hic. Voluptas culpa ut quia.',1,0,'2020-03-14 08:37:06'),(10,43,90,'Iure velit aspernatur qui ut omnis ex. Omnis sequi sapiente labore dolorem fuga. Qui ab omnis sit rem porro repellat.',0,0,'2020-03-03 00:04:56'),(11,67,87,'Dolores deleniti velit eum nesciunt minima ad. Recusandae voluptates iste alias expedita et qui. In corrupti necessitatibus repellendus rerum. Optio praesentium quidem harum dolor in soluta et.',0,1,'2020-03-12 20:04:56'),(12,46,60,'Dignissimos tenetur ipsam ut nobis ullam. Hic ut nisi ut quis ipsum sed adipisci. Non alias molestiae dolor dolores recusandae mollitia.',1,0,'2020-03-27 01:28:26'),(13,81,37,'Id vel dolore tenetur et architecto. Sed quae illo similique odio recusandae laudantium neque. Voluptatem aut in necessitatibus illo alias. Reprehenderit magnam numquam autem asperiores nostrum labore. Reiciendis repellat itaque et aspernatur.',0,0,'2020-03-17 21:34:31'),(14,63,92,'Id ut fugit illum omnis aspernatur ad sed eligendi. Quo dolorem dolore adipisci neque quia. Ut fuga omnis magnam cum architecto in deleniti saepe. Iure rerum omnis dolor esse debitis officiis.',1,1,'2020-03-13 23:29:13'),(15,58,46,'Quia rem dicta consequatur qui. Deserunt aut ipsam eos adipisci dolor ipsam. Dolorem voluptatem perferendis ducimus quasi debitis voluptatem amet. Sit eveniet omnis dicta vel voluptas.',0,1,'2020-03-29 00:40:12'),(16,43,68,'Enim et cupiditate nihil debitis natus eum officia. Vero doloremque nostrum occaecati deleniti.',0,1,'2020-03-04 13:20:38'),(17,37,44,'Sunt a est asperiores. Sed aut molestiae sit aut quis laborum. Debitis cumque quod sed ea. Iste dolores libero omnis molestias.',1,1,'2020-03-15 22:47:49'),(18,2,37,'Assumenda rerum ex voluptatum eum. Sint rerum voluptas sit. Aperiam sint est delectus qui adipisci.',0,1,'2020-03-11 13:56:43'),(19,51,41,'Qui ad dignissimos omnis ex consequatur qui quia. Facilis sunt porro autem error odit ratione error. Ab non tempore qui maiores.',1,1,'2020-03-12 12:12:11'),(20,86,6,'Sed exercitationem exercitationem enim ut nostrum necessitatibus. Voluptatibus quis sit nihil optio repellat ex odio. Ut quod eos accusantium eveniet ipsa aliquam omnis. Libero facere quibusdam quasi aspernatur maxime.',1,0,'2020-03-02 03:51:51'),(21,20,62,'Eius pariatur repellendus reprehenderit quasi. Vero ratione labore quis eligendi necessitatibus.',0,1,'2020-03-27 02:21:49'),(22,49,63,'Voluptatem sit laudantium et voluptate ratione eveniet nemo iure. Voluptas suscipit vel qui consectetur sapiente. Et odio nemo id labore est iusto. Libero odit ut ipsa molestias.',0,1,'2020-03-09 02:12:04'),(23,92,44,'Voluptate sit sit mollitia quas quasi quam dolorum harum. Quos quos animi consequuntur sunt. Ipsum architecto in aut quas excepturi qui enim illo. Autem est quas quo beatae facilis.',0,0,'2020-03-04 04:11:20'),(24,1,83,'Quibusdam quidem numquam dolor impedit deserunt. Aspernatur quis minus impedit praesentium voluptatem possimus. Officia nihil fuga quibusdam odio nihil ut.',1,1,'2020-03-03 05:44:10'),(25,86,49,'Velit eum ad quidem laborum. Voluptatibus nihil sit similique ducimus. Amet non eos maxime aliquam asperiores explicabo. Dolorum dicta eum voluptas voluptatem et.',0,0,'2020-03-07 23:54:44'),(26,60,33,'Facere voluptas eos asperiores consectetur. Culpa quaerat distinctio rerum qui dignissimos dolore labore qui. Nemo cum voluptatem quo sequi voluptatem. Numquam doloremque consequatur veritatis officia beatae odio voluptates.',1,0,'2020-03-11 04:10:29'),(27,14,95,'Officiis vero ut sed voluptates. Illum illo deserunt neque ab. Enim magnam sed rerum ad adipisci maxime ut nemo.',0,1,'2020-03-10 18:39:07'),(28,16,91,'Doloribus ut non dolor veritatis quo fuga vero. Est qui nulla minus aut eius facilis ipsam magnam. Ipsa sunt officia fugit eaque.',0,0,'2020-03-01 07:43:36'),(29,47,74,'Ex deleniti fugiat molestias dolores aperiam autem. Voluptatem praesentium minima consequuntur aut est alias fugiat. Recusandae corrupti voluptas nulla ea ut quis eos dolores. Laboriosam enim eaque quas dolore.',1,1,'2020-03-05 06:36:02'),(30,64,55,'Temporibus et ratione odio doloremque qui. At minus ea esse. Ut sed saepe sed explicabo odio maxime.',0,0,'2020-03-12 02:00:40'),(31,90,16,'Ipsa necessitatibus consequuntur quaerat. Libero libero aliquam quis rerum quas sequi vel. Illo adipisci eum quidem saepe consequatur repellendus. Quas soluta sed vel eum eveniet.',1,0,'2020-03-08 01:31:10'),(32,86,78,'Possimus reiciendis aut asperiores enim in inventore. Quia et nam est dolores assumenda dolores. Nostrum occaecati autem dolore laudantium. Nulla ea praesentium et tenetur reprehenderit.',0,0,'2020-03-13 13:57:30'),(33,91,88,'Provident sed consectetur neque qui sed vel. Et laboriosam aliquid debitis a reiciendis. Omnis est expedita ut illum voluptatem commodi.',0,1,'2020-03-20 23:56:52'),(34,43,79,'Quis et quaerat sequi quibusdam molestiae molestiae ipsum. A quam corrupti esse eveniet voluptatibus rem quisquam. Quia sed repellendus eos error sit.',1,0,'2020-03-14 01:40:14'),(35,99,44,'Quo veritatis labore officia dicta consectetur et. Natus explicabo ratione sed incidunt illum. Voluptatem sed reiciendis ex ut rerum vitae. Occaecati consectetur labore magnam porro. Neque laudantium nisi nobis architecto fuga quia aut.',0,0,'2020-03-23 04:33:38'),(36,44,34,'Laboriosam ipsum aut aut. Est debitis sunt molestiae. Asperiores sapiente quo quo dolor consectetur corrupti.',0,0,'2020-03-04 07:02:25'),(37,34,18,'Nihil sint accusamus et beatae numquam. Est esse enim consequuntur consequatur eum assumenda totam. Similique qui ab aspernatur atque ut non eaque vel. Deleniti eum quia similique veniam.',1,0,'2020-03-11 10:27:38'),(38,39,18,'Et modi magni beatae aspernatur vitae facere. Labore cum doloremque et amet explicabo totam.',0,1,'2020-03-15 20:43:11'),(39,89,64,'Temporibus consequuntur et aut praesentium placeat exercitationem. Delectus dicta reiciendis repellat doloribus. Fugit est aliquam tempore adipisci consequatur accusantium. Unde odit et corrupti quis deserunt sunt.',1,0,'2020-03-07 16:31:28'),(40,3,76,'Nesciunt quis illum facilis dolor ex ea blanditiis. Ullam voluptatem eos veniam quos sed. Voluptate commodi voluptates delectus voluptatem iure maxime iste.',1,0,'2020-03-07 14:01:32'),(41,59,76,'Eum animi excepturi cumque rem non. Iure a distinctio ex facilis non. Eligendi nihil esse et minima perferendis in qui. Est sit saepe qui quis debitis minus.',0,0,'2020-03-05 07:42:11'),(42,32,50,'Dignissimos veritatis tempora consectetur voluptates. Repellendus eos rerum et impedit recusandae corrupti molestiae. Rerum eum reprehenderit nihil sint consequuntur quaerat. Vitae nobis maxime rem omnis rem enim accusantium consequatur.',0,0,'2020-03-04 12:56:53'),(43,51,18,'Assumenda dicta enim eligendi pariatur quidem odit molestiae aut. Qui necessitatibus qui omnis rerum ex necessitatibus. Et sint deleniti aliquam perspiciatis dignissimos sit rem.',1,0,'2020-03-20 14:32:19'),(44,52,40,'Qui autem vero repudiandae optio ratione excepturi saepe. Quia voluptate veniam autem quo recusandae animi. In quas sit repellendus voluptatibus.',0,1,'2020-03-25 01:54:28'),(45,50,66,'Reprehenderit aut non blanditiis qui tenetur facilis. Officia cumque quo ab illum autem ut. Iusto deleniti culpa id eligendi et in. Vitae sit rerum sapiente in. Aut amet ut ut non a.',1,1,'2020-03-22 09:46:55'),(46,81,29,'Reiciendis et maiores quae aut. Quo natus illo nisi ut. Nostrum culpa voluptas eveniet rem sit. Ratione sed eveniet nihil cum rerum et. Quod explicabo laudantium dolorum eos.',1,1,'2020-03-27 00:27:22'),(47,86,7,'Recusandae dolorum omnis ad laborum dolores minus. Pariatur neque nulla quas dolorum sit. Molestiae alias iste explicabo est quasi sunt. Exercitationem occaecati expedita iure natus dolor qui id quidem.',1,1,'2020-03-21 10:12:42'),(48,13,78,'Est sit tenetur eveniet ipsam ut soluta. Velit ea quod magnam consequatur assumenda ut labore. Quos iste illo harum nostrum. Omnis quibusdam repudiandae numquam a explicabo quisquam eos.',0,0,'2020-03-05 13:27:57'),(49,69,91,'Vel cumque qui laudantium. Quibusdam sit sunt voluptas tempora fugit autem. Quia dolorem exercitationem perspiciatis cumque deserunt atque. Enim doloribus quam debitis. Quis itaque quia et voluptas qui cum aliquid.',1,0,'2020-03-28 05:22:07'),(50,85,27,'Architecto saepe ut ut voluptatem ad sequi ut et. Tempora eum vitae porro nostrum blanditiis.',1,1,'2020-03-11 00:05:18'),(51,2,61,'Omnis est et accusantium. Quia quos sequi quod perferendis qui. Fugiat qui et minima deserunt optio. Omnis id rem aliquam soluta perspiciatis maxime.',1,0,'2020-03-28 11:13:44'),(52,81,80,'Pariatur voluptatem consequatur optio aliquid accusantium sed quo. Sed vero commodi odit earum sunt. Est in doloremque vel ut aperiam recusandae.',1,1,'2020-03-17 19:37:14'),(53,93,17,'Rem esse corporis praesentium necessitatibus similique. Accusamus nostrum vitae quisquam recusandae eveniet autem odit. Non sequi facilis dolores hic libero fugit eaque.',1,1,'2020-03-21 14:30:15'),(54,40,25,'Rerum eaque voluptas necessitatibus voluptas corrupti esse. Quaerat ut earum necessitatibus illum eos.',0,1,'2020-03-22 05:28:08'),(55,57,27,'Ea ipsam libero dolor numquam mollitia. Atque delectus iste quia officiis animi rerum. Assumenda voluptas vero quibusdam quos iure qui beatae. Quibusdam repellat veniam ea et repellat quod ducimus.',0,0,'2020-03-21 04:50:42'),(56,92,72,'Aut rerum nisi dolor culpa minima aperiam. Deserunt quidem dicta blanditiis sapiente deserunt labore ut. Voluptas praesentium voluptas explicabo similique cumque mollitia.',1,1,'2020-03-16 16:20:41'),(57,6,86,'Iusto accusamus ut ut perspiciatis non maiores. Ut qui ipsam est officiis autem omnis. Ex commodi praesentium recusandae distinctio. Laboriosam molestiae non rerum blanditiis. Quas laboriosam sapiente hic repudiandae unde.',0,0,'2020-03-11 16:25:48'),(58,87,32,'Quia perferendis omnis voluptas dignissimos minima. Sunt exercitationem error doloribus consequatur atque aperiam.',0,0,'2020-03-17 10:04:04'),(59,21,63,'Vel cum ipsum fuga deserunt molestias soluta qui. Dicta magnam ullam accusamus omnis vero deserunt libero. Odio quia ut quisquam temporibus. Tempore blanditiis hic nesciunt ducimus et commodi.',1,0,'2020-03-25 23:12:09'),(60,65,59,'Ab eligendi corrupti est repudiandae enim mollitia. Incidunt quod dolorem ut repudiandae sunt nesciunt. Commodi molestiae voluptas ut enim consequatur exercitationem. Consectetur iusto dicta minus ipsum iusto.',1,1,'2020-03-12 22:13:47'),(61,24,1,'Totam et facere quasi dolores sed magni distinctio. Est expedita similique amet atque iusto voluptatibus accusamus. Est illum amet velit cumque corrupti id. Labore cumque qui odio et.',0,1,'2020-03-14 18:19:16'),(62,27,40,'Rerum voluptas soluta corporis vel quaerat facere doloribus. Nostrum rerum magnam iure illo quis corrupti accusantium unde. Perferendis et et nemo quisquam quidem.',1,0,'2020-03-03 08:19:46'),(63,77,81,'Et dolorum eius quas nobis inventore et et. Aliquam quibusdam voluptatem dolorem hic incidunt. Officiis velit dolores quia sed provident iusto dolorem.',1,1,'2020-03-09 07:23:44'),(64,39,12,'Culpa nemo voluptatem est sit. Quae facilis est quasi omnis alias.',0,0,'2020-03-19 09:19:04'),(65,55,73,'Aspernatur earum molestiae repellendus doloribus aut doloremque consequatur. Id minima voluptatem id molestias hic.',0,0,'2020-03-11 20:46:56'),(66,84,27,'Rem velit recusandae omnis cupiditate architecto deleniti. Repudiandae doloremque qui nemo quo. Est doloribus dolores sint quis. Occaecati quia incidunt commodi sunt esse voluptatem quia.',0,0,'2020-03-04 04:07:50'),(67,35,86,'Magnam et illum enim molestiae. Eius corporis id assumenda eum rerum magni. Magnam numquam ex exercitationem voluptas et. Autem est quisquam beatae eum qui eaque.',1,0,'2020-03-19 16:43:11'),(68,62,73,'Et accusantium aut quisquam quidem impedit. Sed alias officia porro et sit ducimus veritatis. Vel et ut voluptas unde error provident soluta molestiae. Pariatur in a quo ipsa.',1,0,'2020-03-28 14:10:37'),(69,77,55,'Excepturi aperiam minima dolor distinctio ea. Illum maxime voluptatum quaerat inventore adipisci facere quisquam sed. Aliquam earum iste quam eveniet.',1,1,'2020-03-04 08:43:10'),(70,83,67,'Est deserunt pariatur et voluptatem non voluptas. Voluptates enim rerum eos et rerum ea autem. Minima dolore dicta soluta et. Aliquid porro dolore veritatis nulla.',0,0,'2020-03-08 21:48:33'),(71,84,79,'Nisi veniam autem fuga provident neque et fugiat. Quaerat quis voluptatem eligendi harum et id totam. Iste tempora est aut.',1,0,'2020-03-09 01:35:44'),(72,30,36,'Beatae enim et architecto quis explicabo. Qui sed sunt in vel et asperiores nesciunt expedita. Iste ut sed et. Tempore excepturi rerum dolor voluptatum odit.',1,1,'2020-03-27 02:26:04'),(73,70,84,'Laborum quo laboriosam voluptatem. Soluta exercitationem sit qui. In voluptatem ut quam eius quis iusto molestias. Enim ut perspiciatis consequuntur fugiat eos ut.',0,0,'2020-03-09 19:55:51'),(74,82,99,'Fugiat vitae nam veniam nobis quia porro et. Ipsum quia quas repellendus iure officiis laudantium enim. Sit deleniti vel ipsa.',0,0,'2020-03-08 02:42:12'),(75,89,10,'Veniam totam labore nesciunt recusandae natus nesciunt. Officiis cumque et quaerat modi illo et. Nihil quod consequatur tempore tempora vero non veritatis. Aliquid corrupti odio voluptas saepe.',1,0,'2020-03-06 02:04:11'),(76,70,70,'Exercitationem excepturi facilis voluptatem ratione minus doloremque error. Est velit voluptatem deleniti sed consequatur consequatur accusantium. Alias blanditiis fuga asperiores consectetur corrupti modi unde.',1,0,'2020-03-15 00:37:07'),(77,84,20,'Autem tempore dolore ullam nostrum. Dolores fugit repudiandae voluptatem voluptatem voluptatem suscipit. Earum numquam quia inventore nostrum sit est explicabo autem.',1,0,'2020-03-27 13:02:16'),(78,76,71,'Nobis harum eius voluptatem voluptate fugiat iusto dolore illo. Unde autem rem voluptates commodi iusto consequuntur dolore. Quo possimus dignissimos officia.',0,0,'2020-03-03 16:33:39'),(79,14,60,'Est saepe aut aut culpa delectus. Dicta voluptatem quasi facilis quidem nisi eligendi distinctio. Magni recusandae fuga consequatur dolores. Libero asperiores aliquid nulla soluta quo.',0,0,'2020-03-05 17:18:48'),(80,94,45,'Qui temporibus pariatur maxime. Facere sint sunt recusandae voluptate. Sunt aliquam ut aspernatur. Ab quae esse sit sit.',1,0,'2020-03-14 06:47:22'),(81,56,58,'Et laboriosam laboriosam soluta quos veniam qui vel. Natus odit doloremque deleniti cumque mollitia excepturi. Ex id consequatur eum ut sed et quaerat. Voluptates ut voluptates quibusdam suscipit earum sed dolorem.',0,0,'2020-03-27 10:26:21'),(82,68,84,'Nihil quod voluptas laudantium quia quis. Corrupti iure nesciunt eius incidunt et totam sint.',1,1,'2020-03-14 09:01:13'),(83,3,83,'Aperiam sed reprehenderit nihil non soluta. Enim et est suscipit consequatur adipisci fugiat eveniet. Consequatur ex laudantium vero cum culpa a. Tempora sit ea neque qui.',0,0,'2020-03-14 23:16:24'),(84,24,58,'Esse aut quaerat corporis maxime qui ut est. Beatae perferendis qui ducimus mollitia ut maxime voluptas. Est ut ea alias id.',0,1,'2020-03-28 21:00:37'),(85,75,24,'Voluptatem fugiat ut iure quas vero temporibus. Est aut veritatis rerum accusantium perferendis in. Consequatur error qui quidem eum voluptatem quo culpa id.',0,0,'2020-03-05 19:33:00'),(86,48,79,'Ut non dolor sunt vel tenetur sapiente ratione impedit. Provident minus culpa quos. Sit unde quas illo nesciunt consequuntur.',0,1,'2020-03-17 04:39:14'),(87,68,54,'Animi sed et non dicta. Et temporibus culpa voluptas dolore dolor. Quia autem culpa et.',0,1,'2020-03-19 05:30:05'),(88,69,24,'Debitis rerum voluptatem nam excepturi. Neque et repellendus et quia et est. Unde eum quos dolores vitae.',1,0,'2020-03-13 11:32:47'),(89,54,86,'Rem labore doloremque voluptas dolore voluptatum. Perferendis aut cupiditate facere dolor quas et fugit. Perferendis velit quisquam doloribus ad quo laudantium. Voluptate consequuntur et fugit labore dolores doloribus.',0,1,'2020-03-28 15:02:58'),(90,68,85,'Provident ea non maxime nihil. Facere asperiores commodi harum rem itaque voluptas. Culpa et labore ut dolor sequi odit vero. Neque iure sed dolorem sunt maxime itaque laborum quisquam.',0,1,'2020-03-26 12:07:31'),(91,50,48,'Sunt sapiente et aperiam. Quisquam sed rerum consequatur consequatur. Distinctio voluptatem qui ea blanditiis quos ab deleniti eaque.',0,1,'2020-03-08 17:43:52'),(92,44,79,'Illum est ea error molestias. Atque similique excepturi exercitationem aut. Accusantium sit doloremque odit deleniti fugit ut.',0,1,'2020-03-23 01:50:26'),(93,94,16,'Cum consequatur non quia et. Velit itaque mollitia quia et. Dolorum sit dolor exercitationem error omnis. Quibusdam at fugit quaerat nobis praesentium. Similique amet maiores voluptatum aut est rerum ipsam.',0,1,'2020-03-23 04:26:33'),(94,43,50,'Et odio in tempore cupiditate enim aut itaque. Quod repellendus veritatis omnis consequatur ea est dolorem. Ea adipisci nihil ad vel. Odio quasi excepturi id ipsam.',0,1,'2020-03-15 11:22:43'),(95,80,46,'Voluptatem tempora rerum voluptatem non velit. Aut molestiae amet inventore distinctio.',0,0,'2020-03-06 09:43:40'),(96,78,41,'Amet ut velit minima ut ut. Quo expedita mollitia porro quia a nemo totam voluptatem. Autem quasi exercitationem ut quaerat et et.',0,1,'2020-03-28 19:12:02'),(97,65,21,'Dolor quam sed delectus veniam nesciunt quod. Temporibus qui rerum exercitationem inventore. Illo non distinctio impedit explicabo voluptas iste.',0,1,'2020-03-15 20:55:56'),(98,13,64,'Odit et id quasi molestiae laborum aut. Voluptatem consequatur id qui et accusantium optio sit. Qui impedit tempora est enim. Ducimus dolor quis voluptas dolor repudiandae quam omnis.',0,1,'2020-03-21 02:31:16'),(99,38,20,'Incidunt et ab et ea. Facilis incidunt placeat enim quam amet. Et hic sint et qui pariatur. Et ut eveniet itaque vel ab rerum.',1,1,'2020-03-20 09:52:14'),(100,83,53,'Unde totam ut ipsum nihil ea et atque vero. Sint magni accusantium numquam quos voluptatem numquam. Culpa dolor eos saepe et.',0,0,'2020-03-26 01:53:54');
/*!40000 ALTER TABLE `messages` ENABLE KEYS */;
UNLOCK TABLES;

--
-- Table structure for table `profiles`
--

DROP TABLE IF EXISTS `profiles`;
/*!40101 SET @saved_cs_client     = @@character_set_client */;
/*!50503 SET character_set_client = utf8mb4 */;
CREATE TABLE `profiles` (
  `user_id` int unsigned NOT NULL,
  `gender` char(1) CHARACTER SET utf8 COLLATE utf8_unicode_ci NOT NULL,
  `birthday` date DEFAULT NULL,
  `city` varchar(100) CHARACTER SET utf8 COLLATE utf8_unicode_ci DEFAULT NULL,
  `country` varchar(100) CHARACTER SET utf8 COLLATE utf8_unicode_ci DEFAULT NULL,
  `photo_id` int unsigned NOT NULL,
  `created_at` datetime DEFAULT CURRENT_TIMESTAMP,
  `updated_at` datetime DEFAULT CURRENT_TIMESTAMP ON UPDATE CURRENT_TIMESTAMP,
  PRIMARY KEY (`user_id`)
) ENGINE=InnoDB DEFAULT CHARSET=utf8 COLLATE=utf8_unicode_ci;
/*!40101 SET character_set_client = @saved_cs_client */;

--
-- Dumping data for table `profiles`
--

LOCK TABLES `profiles` WRITE;
/*!40000 ALTER TABLE `profiles` DISABLE KEYS */;
INSERT INTO `profiles` VALUES (1,'m','1979-04-16','West Edgardoton','Ethiopia',17,'2020-02-04 15:48:45','2020-03-17 20:59:51'),(2,'f','1971-06-23','Predovicborough','Belgium',23,'2013-09-14 10:15:43','2020-03-17 04:24:25'),(3,'f','1977-12-25','South Bethelton','Nicaragua',22,'2015-08-06 21:18:21','2020-03-19 09:16:48'),(4,'m','2008-01-15','West Leland','Comoros',79,'2016-11-18 11:57:38','2020-03-22 16:20:46'),(5,'m','1997-05-13','Robelchester','Iceland',58,'2016-01-13 20:55:46','2020-03-04 16:09:31'),(6,'m','1997-07-27','Larkinborough','Aruba',16,'2015-04-08 06:34:24','2020-03-16 18:56:14'),(7,'f','1987-09-07','New Caleborough','Uruguay',41,'2016-08-01 08:11:19','2020-03-08 01:20:05'),(8,'f','1971-11-28','Chandlerberg','Angola',89,'2019-03-17 01:13:20','2020-03-14 20:41:33'),(9,'m','2008-05-23','Baumbachburgh','British Indian Ocean Territory (Chagos Archipelago)',26,'2014-07-04 02:18:26','2020-03-29 05:58:56'),(10,'m','2010-06-06','Windlerfort','Canada',87,'2017-02-04 04:06:12','2020-03-04 01:08:13'),(11,'m','1974-07-11','Lake Adriel','Honduras',89,'2015-02-05 14:18:55','2020-03-01 14:51:46'),(12,'f','1976-12-13','Domenicside','Western Sahara',22,'2012-03-18 07:46:42','2020-03-10 22:02:12'),(13,'m','1986-04-09','Lake Viva','Saint Martin',36,'2012-08-10 18:54:41','2020-03-26 18:12:39'),(14,'f','2015-03-25','Larkinside','Western Sahara',13,'2015-10-19 13:11:27','2020-03-26 19:48:23'),(15,'f','1980-12-24','West Meganeton','Belgium',58,'2011-05-20 12:17:29','2020-03-18 21:21:53'),(16,'f','2005-01-02','Reidhaven','Jordan',18,'2011-06-14 06:29:39','2020-03-04 00:33:27'),(17,'f','1997-09-11','West Lonnytown','Antigua and Barbuda',26,'2019-07-26 01:49:10','2020-03-24 11:43:45'),(18,'m','2008-08-22','East Antonina','Cook Islands',79,'2012-11-30 05:14:15','2020-03-12 19:58:21'),(19,'m','2002-10-24','Coleside','Korea',90,'2016-02-10 22:14:53','2020-03-04 11:54:35'),(20,'f','1975-07-20','Port Mario','Portugal',13,'2016-07-05 13:19:34','2020-03-03 08:03:16'),(21,'f','2011-06-26','East Jakobbury','Comoros',62,'2017-09-08 21:43:22','2020-03-01 06:25:59'),(22,'f','1974-10-22','Johnnyburgh','Venezuela',42,'2013-08-25 13:05:03','2020-03-22 22:57:34'),(23,'f','1994-04-06','Kariannetown','Sierra Leone',62,'2019-01-16 21:21:11','2020-03-28 02:11:41'),(24,'f','1971-10-27','Theresiahaven','Greenland',19,'2014-08-02 16:25:03','2020-03-23 18:17:55'),(25,'f','1976-11-26','East Dallinhaven','China',88,'2010-09-14 17:59:00','2020-03-04 10:02:32'),(26,'f','1980-01-16','South Dean','Jersey',16,'2018-11-29 18:42:01','2020-03-10 07:56:32'),(27,'f','2018-05-17','Satterfieldmouth','Armenia',100,'2016-06-05 19:26:13','2020-03-16 00:18:25'),(28,'f','2004-10-06','Ardellabury','Algeria',66,'2013-11-23 16:06:54','2020-03-21 11:30:59'),(29,'f','2012-07-28','Lake Goldaburgh','Sierra Leone',14,'2016-09-07 18:19:00','2020-03-10 08:31:20'),(30,'m','2011-08-23','New Jalynmouth','Croatia',29,'2019-07-04 17:17:01','2020-03-19 11:26:30'),(31,'f','2008-10-05','New Jo','Russian Federation',27,'2017-04-29 01:47:50','2020-03-26 09:07:43'),(32,'m','1993-11-12','Juliannehaven','Tuvalu',30,'2015-04-29 03:30:00','2020-03-15 04:48:37'),(33,'m','1994-03-24','South Myabury','Guernsey',76,'2019-05-20 15:08:45','2020-03-12 02:26:10'),(34,'m','1977-09-17','Bauchfurt','Marshall Islands',72,'2012-05-15 04:40:44','2020-03-03 18:15:43'),(35,'m','1972-12-21','Destanyshire','Malaysia',35,'2017-10-26 18:47:52','2020-03-18 14:50:26'),(36,'f','1999-02-14','Keeblermouth','Uganda',29,'2012-10-17 13:24:18','2020-03-08 15:05:01'),(37,'m','2000-12-09','West Cordiaburgh','Norway',32,'2018-02-15 09:25:48','2020-03-18 23:48:20'),(38,'f','1987-05-02','South Audrey','Malawi',8,'2017-03-19 12:13:09','2020-03-03 23:25:16'),(39,'m','1980-12-22','Emilechester','Bermuda',37,'2012-07-24 20:22:12','2020-03-03 04:53:50'),(40,'m','2009-02-19','East Marc','Martinique',10,'2011-11-27 05:53:42','2020-03-04 21:36:14'),(41,'m','1982-02-22','New Sherwood','Qatar',66,'2012-08-05 06:18:05','2020-03-01 20:35:10'),(42,'f','1985-10-08','North Brendon','Andorra',30,'2010-11-21 06:45:44','2020-03-06 23:29:52'),(43,'m','1993-02-12','South Pansy','Macao',66,'2015-05-03 06:31:41','2020-03-01 22:06:22'),(44,'m','1990-09-06','Nehaburgh','San Marino',32,'2017-07-06 23:17:22','2020-03-01 19:00:46'),(45,'m','1984-08-11','West Sharon','Guadeloupe',80,'2018-10-10 01:57:16','2020-03-11 17:29:30'),(46,'f','1995-01-25','Westport','Cameroon',64,'2017-11-20 00:21:41','2020-03-23 01:58:11'),(47,'m','1997-04-23','East Catherineburgh','Papua New Guinea',100,'2013-09-16 01:05:23','2020-03-13 19:57:43'),(48,'m','2009-03-13','North Reneebury','Bouvet Island (Bouvetoya)',11,'2011-08-15 21:51:13','2020-03-09 15:33:06'),(49,'f','1993-10-21','Breitenbergchester','Antarctica (the territory South of 60 deg S)',6,'2017-01-24 22:39:10','2020-03-24 03:32:52'),(50,'m','1972-12-07','Claudeview','Chad',71,'2017-11-02 09:28:22','2020-03-03 23:13:48'),(51,'f','1998-04-08','Janaberg','Saint Pierre and Miquelon',51,'2010-09-07 09:56:53','2020-03-24 23:03:27'),(52,'f','1978-11-24','New Rickeyville','Costa Rica',94,'2017-02-01 09:53:31','2020-03-26 06:22:07'),(53,'m','1972-10-06','South Alyciahaven','Guam',85,'2018-04-08 18:44:10','2020-03-04 21:38:18'),(54,'m','1981-07-12','Omarimouth','Pakistan',61,'2017-03-20 02:03:59','2020-03-20 18:44:02'),(55,'m','1993-02-02','Domenickport','Sierra Leone',73,'2011-07-15 05:33:22','2020-03-27 07:07:54'),(56,'m','2009-07-04','Stevefort','Thailand',25,'2010-06-04 14:35:30','2020-03-08 03:15:00'),(57,'f','1997-10-22','Lake Jaycechester','Lithuania',19,'2017-10-30 00:58:09','2020-03-28 19:52:59'),(58,'f','2017-05-05','Zionland','Malawi',11,'2016-09-19 11:49:09','2020-03-28 11:10:42'),(59,'m','2005-11-14','Federicofort','Puerto Rico',73,'2015-07-13 22:41:43','2020-03-25 19:03:27'),(60,'m','1978-06-11','South Ulicesfurt','Lesotho',78,'2019-03-27 10:54:53','2020-03-02 02:44:01'),(61,'m','1997-10-25','Lebsackstad','Iran',35,'2017-07-31 21:12:27','2020-03-27 11:19:14'),(62,'m','1983-04-09','North Spencerland','Lao People\'s Democratic Republic',43,'2020-02-08 12:37:56','2020-03-11 05:04:22'),(63,'m','2010-05-05','West Kevonview','Papua New Guinea',33,'2013-03-15 07:03:05','2020-03-12 09:07:53'),(64,'m','1977-05-04','Gerlachburgh','Jersey',20,'2010-08-28 10:04:15','2020-03-06 07:59:42'),(65,'f','1988-04-18','North Antonette','Egypt',38,'2015-09-18 12:28:20','2020-03-03 10:29:22'),(66,'f','1988-02-06','North Bennieside','Monaco',48,'2019-12-29 23:25:54','2020-03-14 16:36:23'),(67,'f','1980-09-04','East Nyafurt','Tokelau',16,'2014-08-03 22:15:21','2020-03-01 17:33:59'),(68,'f','1979-05-26','New Candiceport','United States Virgin Islands',32,'2015-04-27 10:27:55','2020-03-16 07:54:16'),(69,'f','1981-07-21','Daughertyton','Equatorial Guinea',19,'2018-06-13 03:31:58','2020-03-06 19:02:43'),(70,'m','1975-04-21','Tanyamouth','Bahrain',74,'2017-05-20 10:01:44','2020-03-21 17:46:32'),(71,'m','1990-08-21','Hollyhaven','Singapore',39,'2014-11-07 10:31:07','2020-03-08 16:35:14'),(72,'m','2002-08-31','Emmerichton','Bolivia',31,'2011-11-01 00:59:30','2020-03-03 10:58:09'),(73,'m','1984-05-08','East Ambrosechester','Cook Islands',35,'2013-09-26 01:00:11','2020-03-06 01:28:29'),(74,'f','1994-10-13','Ubaldoport','Taiwan',90,'2016-11-27 22:39:06','2020-03-13 22:43:45'),(75,'m','1971-09-10','Lake Katarinaville','Western Sahara',56,'2013-06-09 10:13:16','2020-03-19 13:58:50'),(76,'m','2000-01-07','Koelpintown','Venezuela',48,'2019-05-12 06:12:46','2020-03-28 01:01:39'),(77,'m','1975-07-29','West Granville','Guinea',40,'2019-03-09 07:36:03','2020-03-23 05:20:10'),(78,'m','1972-11-16','New Taureanport','Chile',96,'2010-05-27 10:37:44','2020-03-26 02:21:35'),(79,'f','1992-02-08','Amandatown','Cocos (Keeling) Islands',42,'2018-06-26 02:05:37','2020-03-28 12:10:04'),(80,'f','1982-05-12','West Icie','Indonesia',29,'2010-11-29 22:36:46','2020-03-12 16:22:42'),(81,'f','2012-06-07','Port Jensen','Costa Rica',42,'2017-12-22 12:32:13','2020-03-27 09:52:18'),(82,'f','2011-03-19','Kilbackport','Kyrgyz Republic',9,'2013-04-12 20:52:24','2020-03-21 00:16:41'),(83,'m','1988-05-11','South Hassan','Slovakia (Slovak Republic)',24,'2019-04-16 15:53:54','2020-03-17 10:12:10'),(84,'m','1986-05-27','East Edythton','Mauritius',41,'2017-08-21 09:20:14','2020-03-01 00:06:22'),(85,'m','1990-06-20','New Vanessa','Mauritania',82,'2017-04-13 00:32:17','2020-03-06 13:59:22'),(86,'f','1998-10-27','Lockmanside','Cote d\'Ivoire',40,'2016-05-16 13:08:57','2020-03-12 17:40:52'),(87,'f','1978-03-23','Ashaberg','Mali',12,'2011-07-02 17:42:55','2020-03-02 00:21:44'),(88,'f','1973-04-13','West Gardnerhaven','Afghanistan',34,'2016-11-11 03:57:49','2020-03-08 04:46:31'),(89,'f','1977-05-16','Bartolettiview','Albania',62,'2015-01-24 23:39:22','2020-03-13 20:34:20'),(90,'m','1982-08-02','New Abefort','Cambodia',15,'2016-11-25 02:37:40','2020-03-16 00:28:18'),(91,'m','1990-02-02','Cronafort','Mozambique',36,'2014-04-20 13:48:53','2020-03-03 03:08:35'),(92,'f','1984-12-07','East Citlalli','Bouvet Island (Bouvetoya)',73,'2011-06-19 04:35:50','2020-03-13 05:10:47'),(93,'m','2000-04-12','New Filomenafurt','Moldova',82,'2011-09-02 04:20:30','2020-03-26 17:54:10'),(94,'f','1996-05-03','Mantefort','Ethiopia',2,'2014-01-24 22:02:54','2020-03-04 22:59:19'),(95,'m','1987-12-09','East Robbview','Dominican Republic',54,'2016-06-11 21:03:14','2020-03-22 08:44:26'),(96,'f','2009-10-28','Port Jazlynbury','Guatemala',83,'2011-06-14 18:12:49','2020-03-01 03:32:19'),(97,'f','1988-09-29','South Marcelinoborough','Canada',62,'2015-11-04 16:12:58','2020-03-20 02:53:37'),(98,'f','1977-01-03','South Joshua','Romania',42,'2019-10-21 04:07:33','2020-03-08 11:12:05'),(99,'f','1999-11-28','Lorenzchester','Bhutan',32,'2018-11-13 22:34:22','2020-03-16 01:45:28'),(100,'f','1979-08-03','Port Sashaville','Sao Tome and Principe',22,'2020-02-03 23:31:16','2020-03-18 15:25:02');
/*!40000 ALTER TABLE `profiles` ENABLE KEYS */;
UNLOCK TABLES;

--
-- Table structure for table `users`
--

DROP TABLE IF EXISTS `users`;
/*!40101 SET @saved_cs_client     = @@character_set_client */;
/*!50503 SET character_set_client = utf8mb4 */;
CREATE TABLE `users` (
  `id` int unsigned NOT NULL AUTO_INCREMENT,
  `first_name` varchar(100) CHARACTER SET utf8 COLLATE utf8_unicode_ci NOT NULL,
  `last_name` varchar(100) CHARACTER SET utf8 COLLATE utf8_unicode_ci NOT NULL,
  `email` varchar(120) CHARACTER SET utf8 COLLATE utf8_unicode_ci NOT NULL,
  `phone` varchar(120) CHARACTER SET utf8 COLLATE utf8_unicode_ci NOT NULL,
  `created_at` datetime DEFAULT CURRENT_TIMESTAMP,
  `updated_at` datetime DEFAULT CURRENT_TIMESTAMP ON UPDATE CURRENT_TIMESTAMP,
  PRIMARY KEY (`id`),
  UNIQUE KEY `email` (`email`),
  UNIQUE KEY `phone` (`phone`)
) ENGINE=InnoDB AUTO_INCREMENT=101 DEFAULT CHARSET=utf8 COLLATE=utf8_unicode_ci;
/*!40101 SET character_set_client = @saved_cs_client */;

--
-- Dumping data for table `users`
--

LOCK TABLES `users` WRITE;
/*!40000 ALTER TABLE `users` DISABLE KEYS */;
INSERT INTO `users` VALUES (1,'Nya','Goodwin','dooley.arturo@example.net','+7-382-846-28-58','2017-03-29 12:20:44','2020-04-01 20:25:15'),(2,'Murphy','Batz','wnitzsche@example.org','+7-188-875-11-54','2019-11-25 13:49:54','2020-04-01 20:25:15'),(3,'Cole','Konopelski','annie.ryan@example.com','+7-503-767-42-62','2018-04-17 11:26:08','2020-04-01 20:25:15'),(4,'Sonya','Abernathy','esmeralda43@example.org','+7-885-629-38-86','2014-07-23 22:24:24','2020-04-01 20:25:15'),(5,'Carroll','Russel','connelly.jordane@example.com','+7-381-992-11-21','2011-06-19 17:48:26','2020-04-01 20:25:15'),(6,'Ulices','Stroman','mayer.norval@example.org','+7-640-645-30-38','2016-04-15 05:02:01','2020-04-01 20:25:15'),(7,'Isabell','Gusikowski','uboyer@example.org','+7-932-694-57-69','2019-09-05 19:33:47','2020-04-01 20:25:15'),(8,'Ivory','Corwin','caroline99@example.org','+7-762-718-30-17','2015-12-16 11:58:48','2020-04-01 20:25:15'),(9,'Harmony','Mante','lynch.quinten@example.net','+7-745-411-61-86','2018-03-24 15:57:55','2020-04-01 20:25:15'),(10,'Gertrude','Botsford','syble33@example.org','+7-618-364-75-82','2019-01-28 15:38:05','2020-04-01 20:25:15'),(11,'Bette','Ward','irippin@example.com','+7-868-847-62-52','2019-07-06 07:23:27','2020-04-01 20:25:15'),(12,'Albertha','Champlin','moses.jacobson@example.net','+7-623-545-74-24','2014-02-01 23:55:05','2020-04-01 20:25:15'),(13,'Heber','Franecki','pborer@example.com','+7-642-590-91-93','2013-12-06 10:54:27','2020-04-01 20:25:15'),(14,'Krystina','Toy','lebsack.aric@example.com','+7-934-855-47-59','2017-08-31 18:43:00','2020-04-01 20:25:15'),(15,'Kole','Boehm','shyanne01@example.net','+7-598-181-80-70','2016-02-06 04:38:40','2020-04-01 20:25:15'),(16,'Mayra','Dare','jflatley@example.com','+7-129-210-55-28','2015-08-15 03:50:10','2020-04-01 20:25:15'),(17,'Tre','Bergstrom','talon.hickle@example.net','+7-548-877-83-59','2017-12-31 02:30:43','2020-04-01 20:25:15'),(18,'Forrest','Considine','lindsay14@example.com','+7-355-779-92-43','2013-03-17 09:07:16','2020-04-01 20:25:15'),(19,'Jess','Williamson','ykilback@example.com','+7-187-421-54-46','2020-02-11 04:22:18','2020-04-01 20:25:15'),(20,'Silas','Bosco','dibbert.price@example.net','+7-581-518-74-28','2010-12-15 12:44:39','2020-04-01 20:25:15'),(21,'Adrianna','Auer','dooley.torrey@example.com','+7-889-790-28-73','2018-12-30 20:49:18','2020-04-01 20:25:15'),(22,'Eugene','Beer','bernhard.aaliyah@example.com','+7-959-675-39-75','2018-10-25 01:13:58','2020-04-01 20:25:15'),(23,'Jada','White','ypowlowski@example.net','+7-729-354-38-75','2018-10-03 02:01:40','2020-04-01 20:25:15'),(24,'Katrine','Olson','elmo42@example.org','+7-759-510-17-14','2015-09-03 00:04:00','2020-04-01 20:25:15'),(25,'Ashtyn','Klocko','turner.tina@example.net','+7-977-767-80-73','2011-07-23 15:14:15','2020-04-01 20:25:15'),(26,'Ferne','Huels','gilda72@example.net','+7-262-801-41-48','2019-07-22 03:50:26','2020-04-01 20:25:15'),(27,'Boris','O\'Kon','jackson.anderson@example.org','+7-208-361-18-62','2018-08-20 02:44:09','2020-04-01 20:25:15'),(28,'Viva','Gerlach','fern76@example.net','+7-699-609-84-51','2013-11-19 12:58:19','2020-04-01 20:25:15'),(29,'Edythe','Nienow','hodkiewicz.trent@example.org','+7-860-838-60-43','2016-05-29 10:00:12','2020-04-01 20:25:15'),(30,'Doris','Weimann','coty.schoen@example.com','+7-276-853-63-53','2017-07-31 16:42:21','2020-04-01 20:25:15'),(31,'Vergie','Miller','rosa.wunsch@example.com','+7-688-818-12-77','2018-01-06 04:53:43','2020-04-01 20:25:15'),(32,'Cielo','Hahn','franecki.newell@example.org','+7-732-317-18-76','2013-05-12 05:03:21','2020-04-01 20:25:15'),(33,'Jennie','Jast','gerda.lakin@example.org','+7-520-177-12-89','2011-09-13 09:32:29','2020-04-01 20:25:15'),(34,'Beth','Halvorson','blanche.bergstrom@example.com','+7-438-280-87-77','2020-01-03 01:09:15','2020-04-01 20:25:15'),(35,'Selmer','Trantow','ryder.weimann@example.net','+7-268-686-72-59','2014-06-05 05:51:02','2020-04-01 20:25:15'),(36,'Nicholaus','Wolff','gschiller@example.com','+7-702-713-45-96','2017-04-22 05:29:00','2020-04-01 20:25:15'),(37,'Foster','Bartoletti','jane20@example.net','+7-684-398-73-60','2018-04-07 05:12:38','2020-04-01 20:25:15'),(38,'Chesley','Sawayn','croob@example.net','+7-706-719-47-12','2011-04-12 15:10:23','2020-04-01 20:25:15'),(39,'Francesco','Huels','rleffler@example.net','+7-893-394-98-97','2018-09-04 07:51:50','2020-04-01 20:25:15'),(40,'Uriah','Schoen','hobart.turcotte@example.com','+7-928-700-61-86','2012-02-16 12:01:39','2020-04-01 20:25:15'),(41,'Jacinthe','Hansen','ibecker@example.com','+7-636-456-26-77','2014-12-16 00:51:49','2020-04-01 20:25:15'),(42,'Jadyn','Olson','gregoria.mayer@example.org','+7-314-914-82-42','2011-05-31 15:55:24','2020-04-01 20:25:15'),(43,'Annabelle','Wintheiser','vickie89@example.com','+7-422-738-52-31','2018-09-25 08:41:57','2020-04-01 20:25:15'),(44,'Sabrina','Dickens','wilkinson.cyril@example.net','+7-808-291-72-87','2013-01-26 10:52:51','2020-04-01 20:25:15'),(45,'Camille','Stroman','kgreen@example.com','+7-301-573-95-28','2018-05-18 18:52:46','2020-04-01 20:25:15'),(46,'Verlie','Breitenberg','turcotte.jasen@example.net','+7-258-325-74-87','2011-01-19 06:56:13','2020-04-01 20:25:15'),(47,'Keely','Kerluke','hkerluke@example.com','+7-266-378-98-12','2019-12-11 12:03:31','2020-04-01 20:25:15'),(48,'Gianni','Kozey','jarred.johns@example.org','+7-256-802-44-61','2012-12-20 15:38:06','2020-04-01 20:25:15'),(49,'Elsie','Price','ankunding.moises@example.com','+7-747-890-31-58','2018-07-15 07:45:50','2020-04-01 20:25:15'),(50,'Isac','Schoen','lwindler@example.org','+7-109-479-16-20','2017-01-29 13:53:57','2020-04-01 20:25:15'),(51,'Abdul','Eichmann','ltorphy@example.net','+7-433-544-41-37','2017-10-05 15:10:55','2020-04-01 20:25:15'),(52,'Syble','Muller','pschmitt@example.com','+7-533-527-93-30','2016-10-01 03:01:44','2020-04-01 20:25:15'),(53,'Maiya','Williamson','gulgowski.garett@example.net','+7-441-274-84-61','2013-10-18 09:42:50','2020-04-01 20:25:15'),(54,'Zachary','Langworth','gottlieb.jayson@example.org','+7-439-250-72-10','2011-01-16 12:55:53','2020-04-01 20:25:15'),(55,'Keely','Thiel','grimes.bettye@example.net','+7-920-596-12-51','2011-06-19 21:59:28','2020-04-01 20:25:15'),(56,'Ashly','Sauer','zlangworth@example.org','+7-336-919-78-19','2012-09-29 18:02:12','2020-04-01 20:25:15'),(57,'Dayana','Russel','carissa.jerde@example.net','+7-304-836-46-64','2018-10-23 13:49:12','2020-04-01 20:25:15'),(58,'Gerald','Dooley','yvonne.stoltenberg@example.net','+7-849-386-18-56','2017-07-24 00:48:29','2020-04-01 20:25:15'),(59,'Eldora','Dare','lysanne.gutmann@example.net','+7-401-191-54-27','2019-07-16 18:31:26','2020-04-01 20:25:15'),(60,'Litzy','Okuneva','modesto23@example.com','+7-555-933-20-81','2012-06-26 18:24:32','2020-04-01 20:25:15'),(61,'Hobart','Langworth','mante.janae@example.net','+7-686-874-41-24','2019-07-22 02:13:01','2020-04-01 20:25:15'),(62,'Yasmeen','Heathcote','jeffery.buckridge@example.net','+7-776-353-23-92','2019-09-21 04:30:19','2020-04-01 20:25:15'),(63,'Maureen','Jenkins','manuela60@example.net','+7-254-168-87-19','2011-11-09 03:40:31','2020-04-01 20:25:15'),(64,'Curtis','Zulauf','johan.hammes@example.net','+7-917-316-52-68','2013-11-12 09:14:44','2020-04-01 20:25:15'),(65,'Catharine','Wisozk','dcrooks@example.org','+7-891-471-47-89','2013-03-18 04:02:41','2020-04-01 20:25:15'),(66,'Eleanora','Kutch','dbartell@example.org','+7-255-274-50-70','2020-02-19 09:15:56','2020-04-01 20:25:15'),(67,'Tia','Berge','hkulas@example.net','+7-120-176-42-58','2015-09-03 23:34:43','2020-04-01 20:25:15'),(68,'Vincenza','Kessler','hrohan@example.com','+7-690-675-30-30','2018-12-10 09:04:36','2020-04-01 20:25:15'),(69,'Alia','Walsh','qking@example.com','+7-526-705-93-71','2011-03-06 13:28:11','2020-04-01 20:25:15'),(70,'Joel','Stroman','moses.dietrich@example.com','+7-679-222-76-40','2016-03-23 21:11:51','2020-04-01 20:25:15'),(71,'Roselyn','Greenfelder','larkin.reece@example.com','+7-524-391-28-15','2012-12-12 19:01:22','2020-04-01 20:25:15'),(72,'Lucienne','Dicki','tristin71@example.net','+7-708-286-10-46','2018-06-22 12:42:50','2020-04-01 20:25:15'),(73,'Ottis','Herman','herman.kelsi@example.com','+7-122-907-46-44','2014-07-13 11:01:14','2020-04-01 20:25:15'),(74,'Davonte','Kiehn','zankunding@example.com','+7-706-296-16-71','2017-11-22 15:21:00','2020-04-01 20:25:15'),(75,'Donato','Hettinger','kunde.leanna@example.com','+7-335-304-41-17','2015-02-04 11:35:18','2020-04-01 20:25:15'),(76,'Lizeth','Jacobson','kub.elian@example.org','+7-402-500-29-76','2016-06-12 21:33:29','2020-04-01 20:25:15'),(77,'Evan','Collins','king.imelda@example.org','+7-189-323-94-96','2010-09-01 23:19:21','2020-04-01 20:25:15'),(78,'Shanel','Wuckert','katrina.weber@example.com','+7-141-373-43-97','2010-12-31 06:31:10','2020-04-01 20:25:15'),(79,'Jewell','Cremin','ghalvorson@example.net','+7-814-113-71-46','2014-11-10 14:55:44','2020-04-01 20:25:15'),(80,'Percy','Brown','nola.berge@example.net','+7-976-682-37-65','2016-02-07 17:01:42','2020-04-01 20:25:15'),(81,'Bulah','Mann','garland66@example.com','+7-258-109-56-62','2015-08-22 04:31:23','2020-04-01 20:25:15'),(82,'Jeffry','Nitzsche','santino.marvin@example.net','+7-420-123-15-31','2016-05-30 22:17:21','2020-04-01 20:25:15'),(83,'Cary','Mosciski','mclaughlin.chanel@example.net','+7-991-325-34-67','2018-12-25 04:55:30','2020-04-01 20:25:15'),(84,'Miles','McKenzie','noemi37@example.com','+7-455-130-97-82','2014-12-26 03:48:33','2020-04-01 20:25:15'),(85,'Serena','Hoeger','sipes.haylie@example.com','+7-224-313-78-24','2017-06-11 09:22:42','2020-04-01 20:25:15'),(86,'Micheal','Romaguera','ondricka.antwon@example.org','+7-525-896-11-45','2015-01-08 01:23:49','2020-04-01 20:25:15'),(87,'Shannon','Walsh','fmorar@example.com','+7-972-682-39-71','2015-04-05 21:05:53','2020-04-01 20:25:15'),(88,'Judah','VonRueden','ian.mccullough@example.com','+7-540-431-42-76','2010-12-19 22:24:09','2020-04-01 20:25:15'),(89,'Ernesto','Roberts','zaria.pfeffer@example.org','+7-659-885-54-88','2013-09-29 20:56:43','2020-04-01 20:25:15'),(90,'Kristoffer','Sporer','qmayer@example.com','+7-930-965-13-39','2011-06-19 11:14:58','2020-04-01 20:25:15'),(91,'Mariah','D\'Amore','mikel.reinger@example.com','+7-551-578-23-25','2011-01-03 07:26:49','2020-04-01 20:25:15'),(92,'Brenda','Keeling','judd28@example.org','+7-462-547-34-89','2019-04-13 16:11:58','2020-04-01 20:25:15'),(93,'Gunner','Willms','gudrun97@example.org','+7-690-631-97-23','2013-09-30 23:57:19','2020-04-01 20:25:15'),(94,'Rick','Greenholt','fmills@example.net','+7-813-565-28-54','2017-10-09 00:05:16','2020-04-01 20:25:15'),(95,'Dameon','Macejkovic','kennedi.wehner@example.com','+7-863-783-32-98','2016-07-29 11:04:20','2020-04-01 20:25:15'),(96,'Hailie','Goldner','vinnie94@example.com','+7-272-984-40-78','2012-03-20 16:52:41','2020-04-01 20:25:15'),(97,'Jorge','Carter','dimitri.pollich@example.net','+7-838-815-55-26','2016-09-02 13:12:07','2020-04-01 20:25:15'),(98,'Okey','Reichel','wilbert.weimann@example.org','+7-442-414-63-96','2011-11-17 00:21:24','2020-04-01 20:25:15'),(99,'Ebony','Stracke','luettgen.addison@example.org','+7-155-445-75-56','2016-10-28 06:40:32','2020-04-01 20:25:15'),(100,'Kaya','Thompson','tyreek40@example.net','+7-479-580-46-47','2013-03-22 20:46:54','2020-04-01 20:25:15');
/*!40000 ALTER TABLE `users` ENABLE KEYS */;
UNLOCK TABLES;
/*!40103 SET TIME_ZONE=@OLD_TIME_ZONE */;

/*!40101 SET SQL_MODE=@OLD_SQL_MODE */;
/*!40014 SET FOREIGN_KEY_CHECKS=@OLD_FOREIGN_KEY_CHECKS */;
/*!40014 SET UNIQUE_CHECKS=@OLD_UNIQUE_CHECKS */;
/*!40101 SET CHARACTER_SET_CLIENT=@OLD_CHARACTER_SET_CLIENT */;
/*!40101 SET CHARACTER_SET_RESULTS=@OLD_CHARACTER_SET_RESULTS */;
/*!40101 SET COLLATION_CONNECTION=@OLD_COLLATION_CONNECTION */;
/*!40111 SET SQL_NOTES=@OLD_SQL_NOTES */;

-- Dump completed on 2020-04-02 18:42:10
